date,cash,realized_pnl,open_pnl,total_pnl,portfolio_value,concurrent_positions,peak_value,drawdown,drawdown_pct
2016-05-13,1000000,0.0,860.8839850480683,860.8839850480683,1000860.883985048,51,1000860.883985048,0.0,0.0
2016-05-20,1000000,0.0,518.1581460315588,518.1581460315588,1000518.1581460316,66,1000860.883985048,-342.7258390164934,-0.03424310456133416
2016-05-27,1000000,0.0,-2370.0223008682883,-2370.0223008682883,997629.9776991317,100,1000860.883985048,-3230.9062859163387,-0.3228127242871253
2016-06-03,1000000,0.0,-7812.107381980658,-7812.107381980658,992187.8926180194,162,1000860.883985048,-8672.991367028677,-0.8665531349867645
2016-06-10,1000000,-22697.245,1227.4577240855126,-21469.787275914485,978530.2127240855,253,1000860.883985048,-22330.671260962496,-2.2311463679198096
2016-06-17,1000000,-53441.779,29942.788848902324,-23498.990151097678,976501.0098489024,238,1000860.883985048,-24359.874136145692,-2.4338921148715413
2016-06-24,1000000,-66924.572,55015.84681902497,-11908.72518097503,988091.274819025,206,1000860.883985048,-12769.609166023089,-1.275862546968501
2016-07-01,1000000,-58379.331999999995,60841.05096764216,2461.718967642162,1002461.7189676422,125,1002461.7189676422,0.0,0.0
2016-07-08,1000000,-58491.61,76233.1425388564,17741.532538856394,1017741.5325388564,147,1017741.5325388564,0.0,0.0
2016-07-15,1000000,-61728.626000000004,94912.43592192394,33183.80992192394,1033183.8099219239,221,1033183.8099219239,0.0,0.0
2016-07-22,1000000,-71647.986,118224.33102393955,46576.345023939546,1046576.3450239395,303,1046576.3450239395,0.0,0.0
2016-07-29,1000000,-73561.645,140668.81451898653,67107.16951898653,1067107.1695189865,304,1067107.1695189865,0.0,0.0
2016-08-05,1000000,-46332.10500000001,141162.99881321326,94830.89381321325,1094830.8938132133,307,1094830.8938132133,0.0,0.0
2016-08-12,1000000,-35231.719,154026.61083501333,118794.89183501333,1118794.8918350134,298,1118794.8918350134,0.0,0.0
2016-08-19,1000000,-40633.924,183917.67541011085,143283.75141011085,1143283.7514101109,297,1143283.7514101109,0.0,0.0
2016-08-26,1000000,-39955.37800000001,209416.17549711402,169460.797497114,1169460.797497114,297,1169460.797497114,0.0,0.0
2016-09-02,1000000,-5781.482000000007,202622.52381900098,196841.04181900097,1196841.041819001,266,1196841.041819001,0.0,0.0
2016-09-09,1000000,-7867.379000000008,223398.29894616466,215530.91994616465,1215530.9199461646,269,1215530.9199461646,0.0,0.0
2016-09-16,1000000,77202.18200000002,144673.11092405306,221875.2929240531,1221875.292924053,181,1221875.292924053,0.0,0.0
2016-09-23,1000000,85061.011,135351.448973617,220412.459973617,1220412.459973617,181,1221875.292924053,-1462.8329504360445,-0.1197203150687628
2016-09-30,1000000,69904.79100000001,160194.354504297,230099.145504297,1230099.145504297,191,1230099.145504297,0.0,0.0
2016-10-07,1000000,81232.257,152741.97349635966,233974.23049635964,1233974.2304963595,206,1233974.2304963595,0.0,0.0
2016-10-14,1000000,157582.4,75395.87443735666,232978.27443735665,1232978.2744373567,156,1233974.2304963595,-995.9560590027831,-0.08071125266547625
2016-10-21,1000000,175811.66,59036.29362007591,234847.95362007592,1234847.953620076,130,1234847.953620076,0.0,0.0
2016-10-28,1000000,185533.47000000003,51207.54501605288,236741.0150160529,1236741.0150160529,128,1236741.0150160529,0.0,0.0
2016-11-04,1000000,183903.04,55949.88378295352,239852.92378295353,1239852.9237829535,95,1239852.9237829535,0.0,0.0
2016-11-11,1000000,203760.01,40770.627777686845,244530.63777768685,1244530.6377776868,119,1244530.6377776868,0.0,0.0
2016-11-18,1000000,202990.81,46792.19419844837,249783.00419844838,1249783.0041984483,180,1249783.0041984483,0.0,0.0
2016-11-25,1000000,199090.77999999997,46914.75719825195,246005.53719825193,1246005.537198252,307,1249783.0041984483,-3777.467000196222,-0.30224982957092705
2016-12-02,1000000,195677.92699999997,38056.54230081607,233734.46930081604,1233734.469300816,315,1249783.0041984483,-16048.534897632198,-1.2841057082485265
2016-12-09,1000000,157644.07299999997,73265.89835661791,230909.97135661787,1230909.9713566178,293,1249783.0041984483,-18873.032841830514,-1.5101047764635578
2016-12-16,1000000,151581.57099999997,83340.62046250308,234922.19146250305,1234922.191462503,291,1249783.0041984483,-14860.81273594522,-1.1890714376833955
2016-12-23,1000000,128248.03899999998,121429.28018123188,249677.31918123184,1249677.3191812318,291,1249783.0041984483,-105.685017216485,-0.008456269357276655
2016-12-30,1000000,134697.35799999998,133956.24822319415,268653.60622319416,1268653.6062231942,260,1268653.6062231942,0.0,0.0
2017-01-06,1000000,174124.60799999995,113237.02820214783,287361.6362021478,1287361.6362021477,210,1287361.6362021477,0.0,0.0
2017-01-13,1000000,181977.952,122650.77067174872,304628.7226717487,1304628.7226717486,203,1304628.7226717486,0.0,0.0
2017-01-20,1000000,219591.998,97309.50878362934,316901.5067836293,1316901.5067836293,219,1316901.5067836293,0.0,0.0
2017-01-27,1000000,226146.75099999996,102677.3396332679,328824.0906332679,1328824.090633268,224,1328824.090633268,0.0,0.0
2017-02-03,1000000,219226.34799999997,122022.8484453635,341249.19644536346,1341249.1964453636,214,1341249.1964453636,0.0,0.0
2017-02-10,1000000,218783.349,138698.2008828063,357481.54988280626,1357481.5498828064,222,1357481.5498828064,0.0,0.0
2017-02-17,1000000,221925.78399999999,150756.12561614026,372681.90961614024,1372681.9096161402,248,1372681.9096161402,0.0,0.0
2017-02-24,1000000,227498.09599999993,157819.79631115656,385317.8923111565,1385317.8923111565,266,1385317.8923111565,0.0,0.0
2017-03-03,1000000,265286.053,130231.44709549604,395517.50009549607,1395517.500095496,236,1395517.500095496,0.0,0.0
2017-03-10,1000000,263772.145,138858.36453184122,402630.50953184126,1402630.5095318411,224,1402630.5095318411,0.0,0.0
2017-03-17,1000000,269938.27799999993,138955.70621609362,408893.98421609355,1408893.9842160936,207,1408893.9842160936,0.0,0.0
2017-03-24,1000000,257686.51399999997,158292.49576092156,415979.00976092153,1415979.0097609216,184,1415979.0097609216,0.0,0.0
2017-03-31,1000000,260136.744,167968.50115588238,428105.2451558824,1428105.2451558823,188,1428105.2451558823,0.0,0.0
2017-04-07,1000000,252543.46399999998,187366.2362819998,439909.7002819998,1439909.7002819998,201,1439909.7002819998,0.0,0.0
2017-04-14,1000000,266873.33699999994,186588.72140469198,453462.0584046919,1453462.058404692,175,1453462.058404692,0.0,0.0
2017-04-21,1000000,290982.51599999995,175706.41008457745,466688.9260845774,1466688.9260845773,143,1466688.9260845773,0.0,0.0
2017-04-28,1000000,349656.495,128862.05984492655,478518.5548449266,1478518.5548449266,224,1478518.5548449266,0.0,0.0
2017-05-05,1000000,383803.46499999997,89846.75889027772,473650.2238902777,1473650.2238902776,262,1478518.5548449266,-4868.33095464902,-0.3292708731112023
2017-05-12,1000000,376007.61699999997,97111.77972382453,473119.3967238245,1473119.3967238246,270,1478518.5548449266,-5399.158121102024,-0.36517351124269865
2017-05-19,1000000,373763.527,105607.7855279219,479371.31252792187,1479371.312527922,241,1479371.312527922,0.0,0.0
2017-05-26,1000000,372583.55199999997,116498.96049751513,489082.51249751507,1489082.512497515,240,1489082.512497515,0.0,0.0
2017-06-02,1000000,374632.061,125318.59051995011,499950.65151995013,1499950.65151995,233,1499950.65151995,0.0,0.0
2017-06-09,1000000,373860.855,138701.43152511743,512562.2865251174,1512562.2865251175,250,1512562.2865251175,0.0,0.0
2017-06-16,1000000,407728.00299999997,117634.4298992914,525362.4328992914,1525362.4328992914,229,1525362.4328992914,0.0,0.0
2017-06-23,1000000,423612.114,115443.08382299324,539055.1978229933,1539055.1978229932,218,1539055.1978229932,0.0,0.0
2017-06-30,1000000,436337.22399999993,116523.80080537916,552861.0248053791,1552861.024805379,222,1552861.024805379,0.0,0.0
2017-07-07,1000000,449387.302,113936.56542369458,563323.8674236946,1563323.8674236946,193,1563323.8674236946,0.0,0.0
2017-07-14,1000000,482732.27499999997,89333.3673920958,572065.6423920958,1572065.6423920956,180,1572065.6423920956,0.0,0.0
2017-07-21,1000000,475193.186,98231.77004242619,573424.9560424262,1573424.9560424262,221,1573424.9560424262,0.0,0.0
2017-07-28,1000000,487240.956,79166.36549303815,566407.3214930382,1566407.3214930382,232,1573424.9560424262,-7017.6345493879635,-0.44601012094273274
2017-08-04,1000000,490555.463,68458.47027728384,559013.9332772838,1559013.9332772838,198,1573424.9560424262,-14411.022765142377,-0.9159014994518617
2017-08-11,1000000,485854.75399999996,76148.55240438526,562003.3064043853,1562003.3064043853,159,1573424.9560424262,-11421.649638040923,-0.7259100342967324
2017-08-18,1000000,480747.066,88776.50473368802,569523.5707336881,1569523.570733688,124,1573424.9560424262,-3901.3853087380994,-0.2479549656153351
2017-08-25,1000000,480589.64100000006,101836.11069131308,582425.7516913131,1582425.751691313,118,1582425.751691313,0.0,0.0
2017-09-01,1000000,477454.81100000005,119259.32721533347,596714.1382153335,1596714.1382153335,144,1596714.1382153335,0.0,0.0
2017-09-08,1000000,479013.36100000003,132397.17291759624,611410.5339175963,1611410.5339175963,201,1611410.5339175963,0.0,0.0
2017-09-15,1000000,489627.58900000004,135514.01027239807,625141.599272398,1625141.599272398,261,1625141.599272398,0.0,0.0
2017-09-22,1000000,488658.402,151577.37889898568,640235.7808989857,1640235.7808989857,273,1640235.7808989857,0.0,0.0
2017-09-29,1000000,482979.138,175295.80296140237,658274.9409614024,1658274.9409614024,259,1658274.9409614024,0.0,0.0
2017-10-06,1000000,494695.278,181086.64846315776,675781.9264631578,1675781.9264631579,283,1675781.9264631579,0.0,0.0
2017-10-13,1000000,489803.288,200362.1423184162,690165.4303184162,1690165.430318416,292,1690165.430318416,0.0,0.0
2017-10-20,1000000,486828.80500000005,217749.45520685383,704578.2602068539,1704578.260206854,278,1704578.260206854,0.0,0.0
2017-10-27,1000000,530047.315,188088.96064082373,718136.2756408236,1718136.2756408236,248,1718136.2756408236,0.0,0.0
2017-11-03,1000000,558305.3840000001,177934.7100152833,736240.0940152834,1736240.0940152835,205,1736240.0940152835,0.0,0.0
2017-11-10,1000000,577765.262,175106.03486601892,752871.2968660189,1752871.2968660188,187,1752871.2968660188,0.0,0.0
2017-11-17,1000000,577767.565,193594.13177503194,771361.6967750319,1771361.6967750317,187,1771361.6967750317,0.0,0.0
2017-11-24,1000000,603269.3879999999,185561.87156783766,788831.2595678376,1788831.2595678377,196,1788831.2595678377,0.0,0.0
2017-12-01,1000000,609860.1699999999,194899.60667414113,804759.7766741411,1804759.7766741412,210,1804759.7766741412,0.0,0.0
2017-12-08,1000000,620004.9890000001,197645.00439147218,817649.9933914723,1817649.9933914724,205,1817649.9933914724,0.0,0.0
2017-12-15,1000000,635262.379,194565.50370550054,829827.8827055005,1829827.8827055003,201,1829827.8827055003,0.0,0.0
2017-12-22,1000000,651840.2509999999,191911.0955786252,843751.3465786251,1843751.346578625,205,1843751.346578625,0.0,0.0
2017-12-29,1000000,667594.5329999999,189058.49984811412,856653.032848114,1856653.0328481141,194,1856653.0328481141,0.0,0.0
2018-01-05,1000000,685796.664,189366.47380666848,875163.1378066684,1875163.1378066684,207,1875163.1378066684,0.0,0.0
2018-01-12,1000000,702513.3929999999,186572.3312654086,889085.7242654085,1889085.7242654085,236,1889085.7242654085,0.0,0.0
2018-01-19,1000000,744128.8360000001,153362.09512028316,897490.9311202833,1897490.9311202834,279,1897490.9311202834,0.0,0.0
2018-01-26,1000000,746003.55,155315.77895247456,901319.3289524746,1901319.3289524745,293,1901319.3289524745,0.0,0.0
2018-02-02,1000000,749393.561,151459.0797775896,900852.6407775895,1900852.6407775895,253,1901319.3289524745,-466.68817488499917,-0.024545491532036307
2018-02-09,1000000,725380.12,185766.0935917509,911146.213591751,1911146.213591751,151,1911146.213591751,0.0,0.0
2018-02-16,1000000,730436.028,201196.9931959979,931633.021195998,1931633.021195998,117,1931633.021195998,0.0,0.0
2018-02-23,1000000,724651.425,226631.5156451255,951282.9406451256,1951282.9406451257,131,1951282.9406451257,0.0,0.0
2018-03-02,1000000,729952.2350000001,245090.06887202797,975042.3038720281,1975042.3038720281,155,1975042.3038720281,0.0,0.0
2018-03-09,1000000,732037.131,272455.7485866953,1004492.8795866953,2004492.8795866952,176,2004492.8795866952,0.0,0.0
2018-03-16,1000000,823068.605,202160.73657478308,1025229.3415747831,2025229.341574783,277,2025229.341574783,0.0,0.0
2018-03-23,1000000,835659.755,194306.1698431055,1029965.9248431055,2029965.9248431055,277,2029965.9248431055,0.0,0.0
2018-03-30,1000000,835779.071,210220.8915125273,1045999.9625125274,2045999.9625125274,183,2045999.9625125274,0.0,0.0
2018-04-06,1000000,836428.234,238066.3540231589,1074494.588023159,2074494.588023159,140,2074494.588023159,0.0,0.0
2018-04-13,1000000,851505.452,254788.84060600583,1106294.292606006,2106294.292606006,148,2106294.292606006,0.0,0.0
2018-04-20,1000000,868192.587,268123.3370250914,1136315.9240250913,2136315.9240250913,192,2136315.9240250913,0.0,0.0
2018-04-27,1000000,875291.557,291516.6021484934,1166808.1591484933,2166808.1591484933,209,2166808.1591484933,0.0,0.0
2018-05-04,1000000,876049.4909999999,323166.33538713737,1199215.8263871372,2199215.826387137,197,2199215.826387137,0.0,0.0
2018-05-11,1000000,866124.534,370020.15531119297,1236144.6893111928,2236144.689311193,222,2236144.689311193,0.0,0.0
2018-05-18,1000000,888807.8450000001,386551.07945246715,1275358.9244524674,2275358.9244524674,266,2275358.9244524674,0.0,0.0
2018-05-25,1000000,880157.396,433011.80213906645,1313169.1981390663,2313169.1981390663,268,2313169.1981390663,0.0,0.0
2018-06-01,1000000,879703.796,475797.64168408257,1355501.4376840824,2355501.4376840824,284,2355501.4376840824,0.0,0.0
2018-06-08,1000000,916781.4140000001,480995.2710654797,1397776.68506548,2397776.68506548,298,2397776.68506548,0.0,0.0
2018-06-15,1000000,939206.719,496052.55636980303,1435259.275369803,2435259.275369803,304,2435259.275369803,0.0,0.0
2018-06-22,1000000,928982.1170000001,543561.4125846564,1472543.5295846565,2472543.5295846565,290,2472543.5295846565,0.0,0.0
2018-06-29,1000000,948416.3940000001,563331.6281070854,1511748.0221070854,2511748.022107085,243,2511748.022107085,0.0,0.0
2018-07-06,1000000,982794.612,568700.815085951,1551495.427085951,2551495.427085951,199,2551495.427085951,0.0,0.0
2018-07-13,1000000,1010528.6910000001,581244.5827037286,1591773.2737037288,2591773.273703729,207,2591773.273703729,0.0,0.0
2018-07-20,1000000,1040780.0719999999,589079.5610830723,1629859.6330830723,2629859.6330830725,226,2629859.6330830725,0.0,0.0
2018-07-27,1000000,1044332.828,616635.7970024607,1660968.6250024606,2660968.6250024606,234,2660968.6250024606,0.0,0.0
2018-08-03,1000000,1188169.405,501282.9748001506,1689452.3798001506,2689452.3798001506,178,2689452.3798001506,0.0,0.0
2018-08-10,1000000,1243201.399,469541.91885984055,1712743.3178598406,2712743.3178598406,178,2712743.3178598406,0.0,0.0
2018-08-17,1000000,1251584.486,485923.84408645425,1737508.3300864543,2737508.3300864543,200,2737508.3300864543,0.0,0.0
2018-08-24,1000000,1248257.896,515206.2227389884,1763464.1187389884,2763464.1187389884,202,2763464.1187389884,0.0,0.0
2018-08-31,1000000,1430023.178,353022.9248876625,1783046.1028876626,2783046.1028876626,254,2783046.1028876626,0.0,0.0
2018-09-07,1000000,1423057.244,367700.78045998845,1790758.0244599883,2790758.0244599883,264,2790758.0244599883,0.0,0.0
2018-09-14,1000000,1450693.36,346775.4596033017,1797468.8196033018,2797468.8196033016,225,2797468.8196033016,0.0,0.0
2018-09-21,1000000,1467883.3280000002,336352.7256479928,1804236.0536479931,2804236.053647993,209,2804236.053647993,0.0,0.0
2018-09-28,1000000,1478446.922,327787.521304303,1806234.443304303,2806234.443304303,210,2806234.443304303,0.0,0.0
2018-10-05,1000000,1696208.307,98818.52719216592,1795026.8341921659,2795026.834192166,187,2806234.443304303,-11207.609112136997,-0.39938249417750676
2018-10-12,1000000,1744864.0,34535.98829150819,1779399.9882915083,2779399.9882915085,67,2806234.443304303,-26834.455012794584,-0.9562442324383055
2018-10-19,1000000,1738544.182,32119.147317472416,1770663.3293174724,2770663.3293174724,63,2806234.443304303,-35571.11398683069,-1.2675745631910278
2018-10-26,1000000,1715220.809,53984.026378448674,1769204.8353784485,2769204.8353784485,59,2806234.443304303,-37029.60792585462,-1.319547909270644
2018-11-02,1000000,1717091.526,51106.25755333551,1768197.7835533356,2768197.783553336,58,2806234.443304303,-38036.65975096729,-1.3554341420661788
2018-11-09,1000000,1709970.548,49224.846081651456,1759195.3940816515,2759195.3940816512,136,2806234.443304303,-47039.04922265187,-1.6762337635363076
2018-11-16,1000000,1703279.1609999998,30716.457742849343,1733995.6187428492,2733995.618742849,131,2806234.443304303,-72238.82456145389,-2.5742262815502204
2018-11-23,1000000,1759928.4390000002,-45152.66643859805,1714775.7725614023,2714775.772561402,116,2806234.443304303,-91458.67074290104,-3.2591243743416425
2018-11-30,1000000,1758847.119,-61186.23999656936,1697660.8790034305,2697660.8790034307,150,2806234.443304303,-108573.56430087239,-3.86901260370208
2018-12-07,1000000,1733530.426,-71050.22336408935,1662480.2026359106,2662480.2026359104,165,2806234.443304303,-143754.24066839274,-5.122673945200532
2018-12-14,1000000,1711197.508,-81335.18668292285,1629862.3213170771,2629862.321317077,144,2806234.443304303,-176372.12198722595,-6.285010235265667
2018-12-21,1000000,1642087.993,-30181.390329733942,1611906.602670266,2611906.6026702663,91,2806234.443304303,-194327.8406340368,-6.924861217411986
2018-12-28,1000000,1630611.682,-22547.834771214173,1608063.8472287857,2608063.847228786,60,2806234.443304303,-198170.59607551713,-7.06179758246335
2019-01-04,1000000,1630288.9019999998,-23137.23730923408,1607151.6646907658,2607151.6646907656,70,2806234.443304303,-199082.77861353755,-7.094303153770726
2019-01-11,1000000,1630317.186,-21286.845792224387,1609030.3402077756,2609030.3402077756,117,2806234.443304303,-197204.1030965275,-7.027356661773503
2019-01-18,1000000,1624454.864,-1936.840724900123,1622518.0232751,2622518.0232750997,274,2806234.443304303,-183716.4200292034,-6.546723865767958
2019-01-25,1000000,1620737.6069999998,27966.080569226964,1648703.6875692268,2648703.687569227,290,2806234.443304303,-157530.75573507603,-5.6135992525836755
2019-02-01,1000000,1621543.332,48895.28908771736,1670438.6210877174,2670438.6210877174,335,2806234.443304303,-135795.82221658574,-4.839076169868687
2019-02-08,1000000,1621686.5320000001,71017.89663727662,1692704.4286372766,2692704.4286372764,356,2806234.443304303,-113530.0146670267,-4.045635422154773
2019-02-15,1000000,1604685.6400000001,114655.59388085234,1719341.2338808523,2719341.2338808523,358,2806234.443304303,-86893.20942345075,-3.0964344276643962
2019-02-22,1000000,1597378.1570000001,149829.2745003209,1747207.431500321,2747207.4315003213,365,2806234.443304303,-59027.01180398185,-2.103424107875974
2019-03-01,1000000,1588901.555,185632.50015058307,1774534.055150583,2774534.055150583,351,2806234.443304303,-31700.38815372018,-1.129641474872406
2019-03-08,1000000,1583404.924,222854.934699926,1806259.8586999262,2806259.858699926,340,2806259.858699926,0.0,0.0
2019-03-15,1000000,1625827.506,209154.81151298355,1834982.3175129837,2834982.3175129835,262,2834982.3175129835,0.0,0.0
2019-03-22,1000000,1640046.2340000002,223610.10053248002,1863656.3345324802,2863656.33453248,243,2863656.33453248,0.0,0.0
2019-03-29,1000000,1671132.121,219867.0609014923,1890999.1819014924,2890999.181901492,188,2890999.181901492,0.0,0.0
2019-04-05,1000000,1681596.551,233477.02640390466,1915073.5774039046,2915073.577403905,197,2915073.577403905,0.0,0.0
2019-04-12,1000000,1721499.107,210691.4140015492,1932190.5210015492,2932190.5210015494,222,2932190.5210015494,0.0,0.0
2019-04-19,1000000,1743927.743,200697.25734146236,1944625.0003414624,2944625.0003414624,218,2944625.0003414624,0.0,0.0
2019-04-26,1000000,1759942.823,196839.4722208149,1956782.295220815,2956782.295220815,226,2956782.295220815,0.0,0.0
2019-05-03,1000000,1761807.219,206329.55480271234,1968136.7738027123,2968136.7738027126,230,2968136.7738027126,0.0,0.0
2019-05-10,1000000,1783769.937,194091.29845210706,1977861.235452107,2977861.235452107,222,2977861.235452107,0.0,0.0
2019-05-17,1000000,1799328.5300000003,188789.69291220763,1988118.222912208,2988118.222912208,191,2988118.222912208,0.0,0.0
2019-05-24,1000000,1804969.315,194349.02907616494,1999318.344076165,2999318.344076165,162,2999318.344076165,0.0,0.0
2019-05-31,1000000,1805835.715,209045.1929742407,2014880.9079742408,3014880.907974241,164,3014880.907974241,0.0,0.0
2019-06-07,1000000,1822550.151,208195.8769956187,2030746.0279956188,3030746.027995619,144,3030746.027995619,0.0,0.0
2019-06-14,1000000,1838058.735,210594.32103535527,2048653.0560353554,3048653.0560353557,162,3048653.0560353557,0.0,0.0
2019-06-21,1000000,1860681.705,208129.5705011202,2068811.2755011204,3068811.2755011204,205,3068811.2755011204,0.0,0.0
2019-06-28,1000000,1869470.9309999999,213609.58893309138,2083080.5199330912,3083080.5199330915,218,3083080.5199330915,0.0,0.0
2019-07-05,1000000,1883313.875,203051.45434112457,2086365.3293411245,3086365.3293411247,251,3086365.3293411247,0.0,0.0
2019-07-12,1000000,1875059.204,209256.324105044,2084315.5281050438,3084315.528105044,260,3086365.3293411247,-2049.801236080937,-0.066414731159468
2019-07-19,1000000,1909411.0499999998,173319.87418542214,2082730.924185422,3082730.9241854222,250,3086365.3293411247,-3634.405155702494,-0.11775680348503541
2019-07-26,1000000,1905881.6199999999,181027.00146420277,2086908.6214642026,3086908.6214642026,250,3086908.6214642026,0.0,0.0
2019-08-02,1000000,1896732.886,194641.84862471343,2091374.7346247134,3091374.7346247137,250,3091374.7346247137,0.0,0.0
2019-08-09,1000000,1922964.4419999998,172028.40766458045,2094992.8496645803,3094992.84966458,149,3094992.84966458,0.0,0.0
2019-08-16,1000000,1897985.289,204583.21015797724,2102568.4991579773,3102568.4991579773,138,3102568.4991579773,0.0,0.0
2019-08-23,1000000,1895991.915,216090.21599672735,2112082.1309967274,3112082.1309967274,142,3112082.1309967274,0.0,0.0
2019-08-30,1000000,1945340.733,175173.44375918288,2120514.176759183,3120514.176759183,133,3120514.176759183,0.0,0.0
2019-09-06,1000000,2019599.3450000002,108352.76066516327,2127952.1056651636,3127952.1056651636,134,3127952.1056651636,0.0,0.0
2019-09-13,1000000,2072050.903,61271.44271908885,2133322.345719089,3133322.345719089,222,3133322.345719089,0.0,0.0
2019-09-20,1000000,2077360.0219999999,38115.73007025473,2115475.7520702546,3115475.7520702546,262,3133322.345719089,-17846.593648834154,-0.5695741350460516
2019-09-27,1000000,2074506.21,14712.478297628188,2089218.6882976282,3089218.6882976284,249,3133322.345719089,-44103.657421460375,-1.4075684706272602
2019-10-04,1000000,2039518.898,38658.514741250474,2078177.4127412506,3078177.4127412504,168,3133322.345719089,-55144.93297783844,-1.7599508410993965
2019-10-11,1000000,2017286.9800000002,64208.3095000621,2081495.2895000624,3081495.2895000624,146,3133322.345719089,-51827.056219026446,-1.6540607859844143
2019-10-18,1000000,2019362.4100000001,72507.6654653106,2091870.0754653108,3091870.075465311,153,3133322.345719089,-41452.27025377797,-1.3229494345008026
2019-10-25,1000000,2019552.794,84152.1837956131,2103704.977795613,3103704.977795613,199,3133322.345719089,-29617.367923475802,-0.9452384611478172
2019-11-01,1000000,2020358.358,93804.24669640441,2114162.604696404,3114162.604696404,236,3133322.345719089,-19159.74102268461,-0.6114832407480087
2019-11-08,1000000,1988284.76,139519.7999124964,2127804.5599124962,3127804.5599124962,264,3133322.345719089,-5517.785806592554,-0.17610016454678676
2019-11-15,1000000,1989031.688,160042.23878698263,2149073.926786983,3149073.926786983,275,3149073.926786983,0.0,0.0
2019-11-22,1000000,1984735.9440000001,189774.6322463827,2174510.5762463827,3174510.5762463827,273,3174510.5762463827,0.0,0.0
2019-11-29,1000000,2002907.651,204709.15017343053,2207616.8011734304,3207616.8011734304,280,3207616.8011734304,0.0,0.0
2019-12-06,1000000,2001098.912,243513.55604827256,2244612.4680482727,3244612.4680482727,273,3244612.4680482727,0.0,0.0
2019-12-13,1000000,2006427.0100000002,281796.4604601482,2288223.4704601485,3288223.4704601485,269,3288223.4704601485,0.0,0.0
2019-12-20,1000000,2015589.747,317325.7676617213,2332915.5146617214,3332915.5146617214,285,3332915.5146617214,0.0,0.0
2019-12-27,1000000,2038011.369,336963.663420659,2374975.032420659,3374975.032420659,300,3374975.032420659,0.0,0.0
2020-01-03,1000000,2063200.1039999998,350916.60267823515,2414116.706678235,3414116.706678235,301,3414116.706678235,0.0,0.0
2020-01-10,1000000,2097701.1790000005,356047.22672555095,2453748.4057255513,3453748.4057255513,279,3453748.4057255513,0.0,0.0
2020-01-17,1000000,2123843.643,365392.1680388483,2489235.8110388485,3489235.8110388485,268,3489235.8110388485,0.0,0.0
2020-01-24,1000000,2170913.663,345599.5666327138,2516513.229632714,3516513.229632714,285,3516513.229632714,0.0,0.0
2020-01-31,1000000,2187808.357,353845.6791703298,2541654.03617033,3541654.03617033,225,3541654.03617033,0.0,0.0
2020-02-07,1000000,2220900.022,350600.8559652292,2571500.877965229,3571500.877965229,189,3571500.877965229,0.0,0.0
2020-02-14,1000000,2239570.886,357318.2409247331,2596889.126924733,3596889.126924733,194,3596889.126924733,0.0,0.0
2020-02-21,1000000,2276320.948,327237.8719609824,2603558.819960982,3603558.819960982,218,3603558.819960982,0.0,0.0
2020-02-28,1000000,2537663.385,54247.860331888645,2591911.2453318886,3591911.2453318886,65,3603558.819960982,-11647.57462909352,-0.32322421281358843
2020-03-06,1000000,2533168.003,58558.22464997692,2591726.227649977,3591726.227649977,60,3603558.819960982,-11832.592311005108,-0.3283585172930028
2020-03-13,1000000,2525739.961,62009.64290972504,2587749.6039097253,3587749.6039097253,41,3603558.819960982,-15809.21605125675,-0.43871119748859616
2020-03-20,1000000,2498809.8109999998,96372.82924379759,2595182.6402437976,3595182.6402437976,25,3603558.819960982,-8376.17971718451,-0.2324418758141765
2020-03-27,1000000,2492809.8710000003,115708.89954261713,2608518.7705426174,3608518.7705426174,27,3608518.7705426174,0.0,0.0
2020-04-03,1000000,2491390.0310000004,130488.2636447968,2621878.294644797,3621878.294644797,33,3621878.294644797,0.0,0.0
2020-04-10,1000000,2487876.931,157550.07667897956,2645427.0076789795,3645427.0076789795,84,3645427.0076789795,0.0,0.0
2020-04-17,1000000,2513412.4480000003,194223.04574023513,2707635.4937402355,3707635.4937402355,303,3707635.4937402355,0.0,0.0
2020-04-24,1000000,2570204.811,256881.7740894075,2827086.585089408,3827086.585089408,273,3827086.585089408,0.0,0.0
2020-05-01,1000000,2594948.309,321675.670082025,2916623.9790820247,3916623.9790820247,339,3916623.9790820247,0.0,0.0
2020-05-08,1000000,2600742.713,404830.1054327616,3005572.8184327614,4005572.8184327614,375,4005572.8184327614,0.0,0.0
2020-05-15,1000000,2563281.349,538071.0441354685,3101352.3931354685,4101352.3931354685,376,4101352.3931354685,0.0,0.0
2020-05-22,1000000,2572006.4960000003,632631.825207087,3204638.3212070875,4204638.3212070875,389,4204638.3212070875,0.0,0.0
2020-05-29,1000000,2570704.256,739255.5010639591,3309959.7570639593,4309959.757063959,394,4309959.757063959,0.0,0.0
2020-06-05,1000000,2584645.0020000003,832551.0500993121,3417196.0520993127,4417196.052099313,407,4417196.052099313,0.0,0.0
2020-06-12,1000000,2632719.0319999997,885380.7509058833,3518099.782905883,4518099.782905883,393,4518099.782905883,0.0,0.0
2020-06-19,1000000,2645945.527,972717.2163864787,3618662.7433864786,4618662.743386479,340,4618662.743386479,0.0,0.0
2020-06-26,1000000,2641448.91,1076403.1725991562,3717852.0825991565,4717852.082599157,326,4717852.082599157,0.0,0.0
2020-07-03,1000000,2719310.2470000004,1095740.565798174,3815050.812798174,4815050.812798174,264,4815050.812798174,0.0,0.0
2020-07-10,1000000,2751267.341,1159746.2383914618,3911013.579391462,4911013.579391462,264,4911013.579391462,0.0,0.0
2020-07-17,1000000,2782247.448,1223754.1131891469,4006001.5611891467,5006001.561189147,269,5006001.561189147,0.0,0.0
2020-07-24,1000000,2793709.085,1307397.116063157,4101106.201063157,5101106.201063157,287,5101106.201063157,0.0,0.0
2020-07-31,1000000,2916349.0140000004,1275313.6221507438,4191662.6361507443,5191662.636150744,281,5191662.636150744,0.0,0.0
2020-08-07,1000000,3125267.8880000003,1151204.8876023823,4276472.775602383,5276472.775602383,310,5276472.775602383,0.0,0.0
2020-08-14,1000000,3348861.498,997834.0569415728,4346695.554941573,5346695.554941573,310,5346695.554941573,0.0,0.0
2020-08-21,1000000,3351304.254,1054576.262679548,4405880.516679548,5405880.516679548,318,5405880.516679548,0.0,0.0
2020-08-28,1000000,3799072.972,664651.2763857234,4463724.248385724,5463724.248385724,289,5463724.248385724,0.0,0.0
2020-09-04,1000000,3828674.8210000005,682670.3114655586,4511345.132465559,5511345.132465559,285,5511345.132465559,0.0,0.0
2020-09-11,1000000,4001845.427,557036.2793812181,4558881.7063812185,5558881.7063812185,177,5558881.7063812185,0.0,0.0
2020-09-18,1000000,4021785.348,583714.4018458216,4605499.749845821,5605499.749845821,170,5605499.749845821,0.0,0.0
2020-09-25,1000000,4167453.4190000007,480599.24392723135,4648052.662927232,5648052.662927232,134,5648052.662927232,0.0,0.0
2020-10-02,1000000,4239185.846,445028.662363315,4684214.508363315,5684214.508363315,144,5684214.508363315,0.0,0.0
2020-10-09,1000000,4252546.404000001,473689.59617018857,4726236.00017019,5726236.00017019,253,5726236.00017019,0.0,0.0
2020-10-16,1000000,4251375.925000001,514474.6908563253,4765850.615856326,5765850.615856326,329,5765850.615856326,0.0,0.0
2020-10-23,1000000,4246573.708,557671.3265794715,4804245.034579471,5804245.034579471,341,5804245.034579471,0.0,0.0
2020-10-30,1000000,4429880.772,416215.31120185275,4846096.083201853,5846096.083201853,243,5846096.083201853,0.0,0.0
2020-11-06,1000000,4455119.858,444713.5514855832,4899833.409485583,5899833.409485583,227,5899833.409485583,0.0,0.0
2020-11-13,1000000,4526097.145,439417.9698021114,4965515.114802111,5965515.114802111,242,5965515.114802111,0.0,0.0
2020-11-20,1000000,4560160.355,490021.124779229,5050181.4797792295,6050181.4797792295,302,6050181.4797792295,0.0,0.0
2020-11-27,1000000,4567918.345000001,572416.929093427,5140335.274093428,6140335.274093428,342,6140335.274093428,0.0,0.0
2020-12-04,1000000,4564517.045,669410.6772668504,5233927.72226685,6233927.72226685,381,6233927.72226685,0.0,0.0
2020-12-11,1000000,4565271.413,803753.9668016331,5369025.379801633,6369025.379801633,396,6369025.379801633,0.0,0.0
2020-12-18,1000000,4596135.953,915033.3510399823,5511169.304039982,6511169.304039982,396,6511169.304039982,0.0,0.0
2020-12-25,1000000,4611598.892,1041011.4319216765,5652610.323921677,6652610.323921677,390,6652610.323921677,0.0,0.0
2021-01-01,1000000,4631819.359999999,1161600.7277930884,5793420.087793088,6793420.087793088,369,6793420.087793088,0.0,0.0
2021-01-08,1000000,4686908.725000001,1247061.1278290076,5933969.852829008,6933969.852829008,345,6933969.852829008,0.0,0.0
2021-01-15,1000000,4720241.824,1352365.6635049863,6072607.487504986,7072607.487504986,354,7072607.487504986,0.0,0.0
2021-01-22,1000000,4777315.852,1435283.901316146,6212599.753316145,7212599.753316145,371,7212599.753316145,0.0,0.0
2021-01-29,1000000,4890737.096000001,1464613.9258760142,6355351.021876015,7355351.021876015,336,7355351.021876015,0.0,0.0
2021-02-05,1000000,4935724.678,1562168.3998261387,6497893.077826139,7497893.077826139,326,7497893.077826139,0.0,0.0
2021-02-12,1000000,4986809.4399999995,1647409.0289812526,6634218.468981252,7634218.468981252,349,7634218.468981252,0.0,0.0
2021-02-19,1000000,5125330.598,1634588.6744337976,6759919.272433798,7759919.272433798,349,7759919.272433798,0.0,0.0
2021-02-26,1000000,5578040.106000001,1296159.660543294,6874199.766543294,7874199.766543294,270,7874199.766543294,0.0,0.0
2021-03-05,1000000,5577116.822000001,1391628.2909917268,6968745.112991728,7968745.112991728,266,7968745.112991728,0.0,0.0
2021-03-12,1000000,6039076.473999999,1007163.6045362367,7046240.078536237,8046240.078536237,201,8046240.078536237,0.0,0.0
2021-03-19,1000000,6065281.138,1051531.9266339836,7116813.064633984,8116813.064633984,222,8116813.064633984,0.0,0.0
2021-03-26,1000000,6258264.802999999,925452.4011478188,7183717.2041478185,8183717.2041478185,172,8183717.2041478185,0.0,0.0
2021-04-02,1000000,6424659.785,817384.3650926569,7242044.150092657,8242044.150092657,142,8242044.150092657,0.0,0.0
2021-04-09,1000000,6435658.561,855918.0213944254,7291576.582394425,8291576.582394425,206,8291576.582394425,0.0,0.0
2021-04-16,1000000,6474645.079,858884.6161682644,7333529.695168264,8333529.695168264,246,8333529.695168264,0.0,0.0
2021-04-23,1000000,6609875.123,757500.862601466,7367375.985601466,8367375.985601466,224,8367375.985601466,0.0,0.0
2021-04-30,1000000,6612785.111,772803.4672201463,7385588.578220146,8385588.578220146,237,8385588.578220146,0.0,0.0
2021-05-07,1000000,6599781.378,803822.9917059294,7403604.3697059285,8403604.369705928,221,8403604.369705928,0.0,0.0
2021-05-14,1000000,6625939.0370000005,807539.8942082521,7433478.931208253,8433478.931208253,139,8433478.931208253,0.0,0.0
2021-05-21,1000000,6624279.545,844786.4218652456,7469065.966865245,8469065.966865245,141,8469065.966865245,0.0,0.0
2021-05-28,1000000,6624279.545,880470.2103414193,7504749.755341419,8504749.755341418,156,8504749.755341418,0.0,0.0
2021-06-04,1000000,7394726.145999999,118791.5889782343,7513517.734978233,8513517.734978233,234,8513517.734978233,0.0,0.0
2021-06-11,1000000,7395691.018,124909.29852681971,7520600.31652682,8520600.316526819,267,8520600.316526819,0.0,0.0
2021-06-18,1000000,7393216.3440000005,127451.20016709066,7520667.544167091,8520667.54416709,271,8520667.54416709,0.0,0.0
2021-06-25,1000000,7429643.642,96133.23591272919,7525776.877912729,8525776.87791273,240,8525776.87791273,0.0,0.0
2021-07-02,1000000,7420096.74,102583.74098190769,7522680.480981908,8522680.480981909,268,8525776.87791273,-3096.39693082124,-0.036318061980286025
2021-07-09,1000000,7399596.023,119031.40741907324,7518627.430419073,8518627.430419073,244,8525776.87791273,-7149.44749365747,-0.08385684490734396
2021-07-16,1000000,7361826.5540000005,155641.76510676974,7517468.319106771,8517468.31910677,178,8525776.87791273,-8308.5588059593,-0.09745221960339866
2021-07-23,1000000,7406215.007,119360.96528773395,7525575.972287734,8525575.972287733,150,8525776.87791273,-200.90562499687076,-0.0023564494810712927
2021-07-30,1000000,7417786.387000001,115010.45504743425,7532796.842047435,8532796.842047434,149,8532796.842047434,0.0,0.0
2021-08-06,1000000,7415181.382000001,122045.298392828,7537226.680392829,8537226.680392828,197,8537226.680392828,0.0,0.0
2021-08-13,1000000,7466335.103,74465.31242193072,7540800.415421931,8540800.415421931,220,8540800.415421931,0.0,0.0
2021-08-20,1000000,7461089.313999999,82678.1670572313,7543767.48105723,8543767.48105723,207,8543767.48105723,0.0,0.0
2021-08-27,1000000,7460975.9180000005,91216.42471707788,7552192.3427170785,8552192.342717078,215,8552192.342717078,0.0,0.0
2021-09-03,1000000,7461648.555000001,94315.64890673631,7555964.203906737,8555964.203906737,284,8555964.203906737,0.0,0.0
2021-09-10,1000000,7442567.687,106454.55158006666,7549022.238580067,8549022.238580067,258,8555964.203906737,-6941.965326670557,-0.08113597908112785
2021-09-17,1000000,7470425.537000001,80015.32341445112,7550440.860414453,8550440.860414453,243,8555964.203906737,-5523.343492284417,-0.06455547686562789
2021-09-24,1000000,7469491.083,83877.38797214662,7553368.470972146,8553368.470972147,192,8555964.203906737,-2595.732934590429,-0.030338286518370332
2021-10-01,1000000,7455703.155000001,101552.85478195586,7557256.009781957,8557256.009781957,156,8557256.009781957,0.0,0.0
2021-10-08,1000000,7453239.52,112980.0692605733,7566219.589260573,8566219.589260573,161,8566219.589260573,0.0,0.0
2021-10-15,1000000,7471545.232000001,104094.06483716026,7575639.296837161,8575639.296837162,144,8575639.296837162,0.0,0.0
2021-10-22,1000000,7503877.314,79997.60378040548,7583874.917780406,8583874.917780407,186,8583874.917780407,0.0,0.0
2021-10-29,1000000,7499869.366,87345.48861462527,7587214.854614626,8587214.854614627,237,8587214.854614627,0.0,0.0
2021-11-05,1000000,7496754.446,93040.66739567037,7589795.11339567,8589795.11339567,289,8589795.11339567,0.0,0.0
2021-11-12,1000000,7487513.579,93873.98315957401,7581387.562159574,8581387.562159574,309,8589795.11339567,-8407.55123609677,-0.09787836758743299
2021-11-19,1000000,7462861.211,109103.64972312469,7571964.860723125,8571964.860723125,290,8589795.11339567,-17830.252672545612,-0.20757483079822908
2021-11-26,1000000,7469496.485000001,96415.31960485032,7565911.804604852,8565911.80460485,258,8589795.11339567,-23883.30879081972,-0.2780428226230218
2021-12-03,1000000,7475304.796999999,86851.34892121659,7562156.145921216,8562156.145921215,165,8589795.11339567,-27638.967474455014,-0.32176515399479566
2021-12-10,1000000,7519500.23,44489.10342155944,7563989.33342156,8563989.33342156,129,8589795.11339567,-25805.779974110425,-0.3004236961818409
2021-12-17,1000000,7547811.493000001,15347.99042728801,7563159.483427289,8563159.48342729,109,8589795.11339567,-26635.629968380556,-0.3100845784650049
2021-12-24,1000000,7554216.794000001,6593.848438075782,7560810.642438076,8560810.642438076,120,8589795.11339567,-28984.470957593992,-0.3374291304386655
2021-12-31,1000000,7550569.296,-7629.446984129127,7542939.849015871,8542939.849015871,188,8589795.11339567,-46855.264379799366,-0.5454759253422612
2022-01-07,1000000,7531736.471,-24713.11670743413,7507023.354292566,8507023.354292566,195,8589795.11339567,-82771.75910310447,-0.9636057439137637
2022-01-14,1000000,7529207.673,-39882.73220443302,7489324.940795568,8489324.940795567,144,8589795.11339567,-100470.17260010354,-1.1696457397851276
2022-01-21,1000000,7500366.005000001,-26555.83040726082,7473810.17459274,8473810.17459274,80,8589795.11339567,-115984.9388029296,-1.3502643226268882
2022-01-28,1000000,7483527.28,-14645.802333360414,7468881.47766664,8468881.477666639,41,8589795.11339567,-120913.63572903164,-1.4076428381914308
2022-02-04,1000000,7483527.28,-17574.02353933037,7465953.256460669,8465953.25646067,45,8589795.11339567,-123841.85693500005,-1.441732373125761
2022-02-11,1000000,7483556.4120000005,-21902.03725499537,7461654.374745005,8461654.374745004,59,8589795.11339567,-128140.73865066655,-1.4917787555937485
2022-02-18,1000000,7484994.852000001,-29465.902580035832,7455528.949419965,8455528.949419964,114,8589795.11339567,-134266.16397570632,-1.5630892495482231
2022-02-25,1000000,7470275.9350000005,-29773.640652720318,7440502.294347281,8440502.29434728,110,8589795.11339567,-149292.8190483898,-1.7380253786911593
2022-03-04,1000000,7457074.55,-31441.53633580162,7425633.013664198,8425633.013664197,128,8589795.11339567,-164162.09973147325,-1.9111293990640668
2022-03-11,1000000,7425641.606,-9052.63565552155,7416588.970344478,8416588.970344478,135,8589795.11339567,-173206.14305119216,-2.0164176300442778
2022-03-18,1000000,7425366.061999999,-11591.882678644768,7413774.179321354,8413774.179321354,140,8589795.11339567,-176020.93407431617,-2.0491866424126215
2022-03-25,1000000,7423852.356999999,-24092.061788533836,7399760.295211465,8399760.295211464,239,8589795.11339567,-190034.81818420626,-2.212332374352556
2022-04-01,1000000,7417811.441,-62453.48023392271,7355357.960766077,8355357.960766077,265,8589795.11339567,-234437.1526295934,-2.7292519732396383
2022-04-08,1000000,7387717.646,-87154.44888399576,7300563.197116004,8300563.197116004,267,8589795.11339567,-289231.9162796661,-3.367157335669309
2022-04-15,1000000,7312771.164000001,-51994.24332111658,7260776.920678884,8260776.920678884,189,8589795.11339567,-329018.19271678664,-3.830338074114098
2022-04-22,1000000,7256065.275,-14084.847555864428,7241980.427444136,8241980.427444136,126,8589795.11339567,-347814.68595153466,-4.049161608163649
2022-04-29,1000000,7246636.948000001,-14376.852855504898,7232260.095144496,8232260.095144496,103,8589795.11339567,-357535.01825117413,-4.162323006908547
2022-05-06,1000000,7224522.3379999995,3525.7340449690328,7228048.072044969,8228048.072044969,57,8589795.11339567,-361747.0413507018,-4.211358205582368
2022-05-13,1000000,7249128.774,-23948.880209162766,7225179.893790837,8225179.893790837,33,8589795.11339567,-364615.21960483305,-4.244748737210513
2022-05-20,1000000,7247043.924,-26524.932651557345,7220518.991348443,8220518.991348443,49,8589795.11339567,-369276.1220472278,-4.2990096640529485
2022-05-27,1000000,7247043.924,-26649.18278826916,7220394.74121173,8220394.74121173,78,8589795.11339567,-369400.3721839404,-4.300456149505423
2022-06-03,1000000,7245061.694,-41275.44657647386,7203786.247423526,8203786.247423526,158,8589795.11339567,-386008.86597214453,-4.493807603980785
2022-06-10,1000000,7206795.807,-68250.50574661557,7138545.301253385,8138545.301253385,180,8589795.11339567,-451249.8121422855,-5.253324511065084
2022-06-17,1000000,7094430.422,-3266.700329807896,7091163.721670193,8091163.721670193,71,8589795.11339567,-498631.39172547776,-5.804927651276208
2022-06-24,1000000,7089041.0600000005,1716.8217150244486,7090757.881715025,8090757.881715025,70,8589795.11339567,-499037.2316806456,-5.809652326891985
2022-07-01,1000000,7082490.132000001,13530.667295089826,7096020.799295091,8096020.799295091,121,8589795.11339567,-493774.31410057936,-5.748382907649857
2022-07-08,1000000,7099362.6729999995,15468.555490211009,7114831.22849021,8114831.22849021,144,8589795.11339567,-474963.8849054603,-5.5293971350348095
2022-07-15,1000000,7097248.7129999995,23131.358366984838,7120380.071366984,8120380.071366984,179,8589795.11339567,-469415.04202868603,-5.4647990532002275
2022-07-22,1000000,7077447.448,54432.59930694481,7131880.047306945,8131880.047306945,183,8589795.11339567,-457915.0660887258,-5.330919539333522
2022-07-29,1000000,7072999.264,77944.66070739739,7150943.924707398,8150943.924707398,279,8589795.11339567,-438851.1886882726,-5.108983193369654
2022-08-05,1000000,7077228.375,87986.63253155384,7165215.0075315535,8165215.0075315535,339,8589795.11339567,-424580.1058641169,-4.942843225701506
2022-08-12,1000000,7074041.946,93413.25815143314,7167455.204151434,8167455.204151434,344,8589795.11339567,-422339.90924423654,-4.916763481187149
2022-08-19,1000000,7063572.578,98928.64221466708,7162501.220214667,8162501.220214667,356,8589795.11339567,-427293.89318100363,-4.974436381080202
2022-08-26,1000000,7062781.631000001,97964.71435116135,7160746.345351162,8160746.345351162,328,8589795.11339567,-429048.76804450806,-4.99486614500749
2022-09-02,1000000,7009055.292,158159.13233861525,7167214.4243386155,8167214.4243386155,198,8589795.11339567,-422580.68905705493,-4.919566572642065
2022-09-09,1000000,7038193.417,143490.27484379965,7181683.6918438,8181683.6918438,122,8589795.11339567,-408111.4215518702,-4.751119394168389
2022-09-16,1000000,7038715.926999999,156153.71718840106,7194869.6441884,8194869.6441884,132,8589795.11339567,-394925.4692072701,-4.597612213024605
2022-09-23,1000000,7087046.042,116375.9169159069,7203421.958915907,8203421.958915907,88,8589795.11339567,-386373.15447976347,-4.498048549228138
2022-09-30,1000000,7153399.445,56714.134992076746,7210113.579992077,8210113.579992077,53,8589795.11339567,-379681.5334035931,-4.420146562186156
2022-10-07,1000000,7169880.402000001,46876.62311031217,7216757.025110313,8216757.025110313,74,8589795.11339567,-373038.0882853577,-4.342805426215693
2022-10-14,1000000,7161820.58,62370.98505997415,7224191.565059974,8224191.565059974,86,8589795.11339567,-365603.54833569657,-4.256254584763526
2022-10-21,1000000,7201713.359,32124.922246610684,7233838.281246611,8233838.281246611,103,8589795.11339567,-355956.8321490595,-4.143950204283098
2022-10-28,1000000,7222448.683,25033.837834551705,7247482.520834552,8247482.520834552,172,8589795.11339567,-342312.5925611183,-3.9851077708161675
2022-11-04,1000000,7202621.983000001,48613.026572806986,7251235.009572808,8251235.009572808,241,8589795.11339567,-338560.10382286273,-3.9414223430647697
2022-11-11,1000000,7219429.173,58612.31942573383,7278041.492425734,8278041.492425734,267,8589795.11339567,-311753.62096993625,-3.629348742949184
2022-11-18,1000000,7223638.852,55200.80387426382,7278839.6558742635,8278839.6558742635,335,8589795.11339567,-310955.45752140693,-3.620056746597786
2022-11-25,1000000,7204482.054,73553.23982541806,7278035.293825418,8278035.293825418,342,8589795.11339567,-311759.8195702527,-3.6294209053259885
2022-12-02,1000000,7203013.984000001,81679.5321935838,7284693.516193585,8284693.516193585,345,8589795.11339567,-305101.5972020859,-3.5519077367315086
2022-12-09,1000000,7198760.146,96085.86249168476,7294846.008491685,8294846.008491685,325,8589795.11339567,-294949.10490398575,-3.433715251764464
2022-12-16,1000000,7208579.500000001,100480.75976762353,7309060.259767625,8309060.259767625,266,8589795.11339567,-280734.8536280459,-3.268236901136834
2022-12-23,1000000,7218557.857000001,108717.49373749817,7327275.350737499,8327275.350737499,175,8589795.11339567,-262519.76265817136,-3.0561818901684314
2022-12-30,1000000,7253861.824,90639.95842754678,7344501.782427547,8344501.782427547,126,8589795.11339567,-245293.33096812386,-2.855636574911923
2023-01-06,1000000,7262238.903000001,98383.96056912995,7360622.863569131,8360622.863569131,126,8589795.11339567,-229172.2498265393,-2.6679594425849373
2023-01-13,1000000,7260219.423,119543.18320479961,7379762.6062048,8379762.6062048,209,8589795.11339567,-210032.50719087012,-2.445139894702811
2023-01-20,1000000,7254776.8,140099.68742666853,7394876.487426668,8394876.487426668,319,8589795.11339567,-194918.62596900202,-2.2691883030484514
2023-01-27,1000000,7272368.636000001,139983.43881536886,7412352.07481537,8412352.07481537,330,8589795.11339567,-177443.0385803003,-2.0657423866092017
2023-02-03,1000000,7289244.394,137289.33107491385,7426533.725074914,8426533.725074913,334,8589795.11339567,-163261.38832075708,-1.9006435679257718
2023-02-10,1000000,7290062.528999999,142243.72819559157,7432306.257195591,8432306.257195592,358,8589795.11339567,-157488.8562000785,-1.833441358274969
2023-02-17,1000000,7289423.581,150086.03540487422,7439509.616404874,8439509.616404874,341,8589795.11339567,-150285.49699079618,-1.749581858552458
2023-02-24,1000000,7281022.898,168748.46236549824,7449771.360365498,8449771.360365499,275,8589795.11339567,-140023.75303017162,-1.6301174961880809
2023-03-03,1000000,7324006.564,138439.94336083674,7462446.507360837,8462446.507360838,238,8589795.11339567,-127348.60603483208,-1.4825569685152749
2023-03-10,1000000,7310715.16,163018.4879110168,7473733.647911017,8473733.647911016,214,8589795.11339567,-116061.46548465453,-1.3511552249210022
2023-03-17,1000000,7404638.852,77928.2409880846,7482567.092988085,8482567.092988085,111,8589795.11339567,-107228.02040758543,-1.248318719969988
2023-03-24,1000000,7423664.976,66378.06438219495,7490043.040382194,8490043.040382195,116,8589795.11339567,-99752.07301347516,-1.161285824593338
2023-03-31,1000000,7429221.284,68977.08441692192,7498198.368416922,8498198.368416922,133,8589795.11339567,-91596.74497874826,-1.0663437692000868
2023-04-07,1000000,7429121.368000001,78939.67992102586,7508061.047921026,8508061.047921026,196,8589795.11339567,-81734.0654746443,-0.9515252039851466
2023-04-14,1000000,7444055.802999999,77887.00942338152,7521942.812423381,8521942.812423382,192,8589795.11339567,-67852.30097228847,-0.7899175716830977
2023-04-21,1000000,7445032.959000001,95386.09316256279,7540419.052162563,8540419.052162563,203,8589795.11339567,-49376.061233107,-0.5748223395469083
2023-04-28,1000000,7450281.014,100343.66119451029,7550624.675194511,8550624.675194511,205,8589795.11339567,-39170.43820115924,-0.4560113213884865
2023-05-05,1000000,7444519.714,123786.95879182707,7568306.672791827,8568306.672791827,181,8589795.11339567,-21488.44060384296,-0.250162434844715
2023-05-12,1000000,7442615.004,150439.99849389365,7593055.002493894,8593055.002493894,202,8593055.002493894,0.0,0.0
2023-05-19,1000000,7457038.854,165015.6915239984,7622054.545523998,8622054.545523997,225,8622054.545523997,0.0,0.0
2023-05-26,1000000,7456204.334000001,201458.27064715192,7657662.604647153,8657662.604647152,253,8657662.604647152,0.0,0.0
2023-06-02,1000000,7487516.085,208331.87707547308,7695847.962075473,8695847.962075472,257,8695847.962075472,0.0,0.0
2023-06-09,1000000,7497338.265000001,237858.54955209204,7735196.814552093,8735196.814552093,288,8735196.814552093,0.0,0.0
2023-06-16,1000000,7496018.909,276860.34937232605,7772879.258372326,8772879.258372325,321,8772879.258372325,0.0,0.0
2023-06-23,1000000,7500473.667,301838.6834604184,7802312.3504604185,8802312.350460418,319,8802312.350460418,0.0,0.0
2023-06-30,1000000,7596994.265,237541.43000886816,7834535.695008867,8834535.695008866,271,8834535.695008866,0.0,0.0
2023-07-07,1000000,7591946.353,271743.7505311973,7863690.103531198,8863690.103531197,281,8863690.103531197,0.0,0.0
2023-07-14,1000000,7627920.754000001,264693.7855920144,7892614.539592015,8892614.539592015,283,8892614.539592015,0.0,0.0
2023-07-21,1000000,7629200.332,285839.86512347154,7915040.197123472,8915040.197123472,305,8915040.197123472,0.0,0.0
2023-07-28,1000000,7652394.471000001,279630.78457181493,7932025.255571816,8932025.255571816,283,8932025.255571816,0.0,0.0
2023-08-04,1000000,7700391.295,245340.668597132,7945731.963597132,8945731.963597132,264,8945731.963597132,0.0,0.0
2023-08-11,1000000,7763218.481000001,192543.54922699032,7955762.030226991,8955762.03022699,206,8955762.03022699,0.0,0.0
2023-08-18,1000000,7760237.379000001,203559.06716027384,7963796.446160275,8963796.446160275,202,8963796.446160275,0.0,0.0
2023-08-25,1000000,7823589.045,148371.0274348672,7971960.072434867,8971960.072434867,153,8971960.072434867,0.0,0.0
2023-09-01,1000000,7845486.727000001,134380.9881220195,7979867.715122021,8979867.715122022,148,8979867.715122022,0.0,0.0
2023-09-08,1000000,7852855.944999999,130600.0935709732,7983456.038570972,8983456.038570972,140,8983456.038570972,0.0,0.0
2023-09-15,1000000,7930496.169000002,51331.331581010796,7981827.500581012,8981827.500581011,139,8983456.038570972,-1628.5379899609834,-0.018128190119356784
2023-09-22,1000000,7937113.767,41399.843800634524,7978513.610800634,8978513.610800635,109,8983456.038570972,-4942.42777033709,-0.05501699734619393
2023-09-29,1000000,7931241.181,47094.92694754118,7978336.107947541,8978336.107947541,83,8983456.038570972,-5119.930623430759,-0.05699288337860228
2023-10-06,1000000,7940138.494,37445.11575204038,7977583.60975204,8977583.60975204,77,8983456.038570972,-5872.428818931803,-0.06536937225181713
2023-10-13,1000000,7939344.3440000005,45545.015369038374,7984889.359369039,8984889.35936904,83,8984889.35936904,0.0,0.0
2023-10-20,1000000,7938490.165000001,46584.652654535494,7985074.817654536,8985074.817654535,104,8985074.817654535,0.0,0.0
2023-10-27,1000000,7944209.05,41441.86319810163,7985650.913198101,8985650.913198102,85,8985650.913198102,0.0,0.0
2023-11-03,1000000,7955813.598,34567.51424682007,7990381.112246821,8990381.11224682,103,8990381.11224682,0.0,0.0
2023-11-10,1000000,7954386.228,52287.99197981266,8006674.219979812,9006674.219979811,169,9006674.219979811,0.0,0.0
2023-11-17,1000000,7969729.078999999,73556.91559424647,8043285.994594245,9043285.994594246,268,9043285.994594246,0.0,0.0
2023-11-24,1000000,7954327.386,129577.42709826042,8083904.81309826,9083904.81309826,314,9083904.81309826,0.0,0.0
2023-12-01,1000000,7957540.811,176554.95449970764,8134095.765499707,9134095.765499707,331,9134095.765499707,0.0,0.0
2023-12-08,1000000,7955887.241,232958.72202745592,8188845.963027457,9188845.963027457,345,9188845.963027457,0.0,0.0
2023-12-15,1000000,7949007.196,303290.25374305155,8252297.449743052,9252297.449743051,362,9252297.449743051,0.0,0.0
2023-12-22,1000000,7948168.8950000005,365901.04427816696,8314069.939278168,9314069.939278167,382,9314069.939278167,0.0,0.0
2023-12-29,1000000,7944587.111,429584.32673017157,8374171.437730171,9374171.43773017,409,9374171.43773017,0.0,0.0
2024-01-05,1000000,7941312.271,491784.641094287,8433096.912094288,9433096.912094288,406,9433096.912094288,0.0,0.0
2024-01-12,1000000,8017747.66,473223.65498082247,8490971.314980824,9490971.314980824,287,9490971.314980824,0.0,0.0
2024-01-19,1000000,8120713.204000001,422979.61953095515,8543692.823530955,9543692.823530955,196,9543692.823530955,0.0,0.0
2024-01-26,1000000,8177170.123,412720.5007914199,8589890.623791419,9589890.623791419,209,9589890.623791419,0.0,0.0
2024-02-02,1000000,8182113.262999999,449671.5455238132,8631784.808523813,9631784.808523813,221,9631784.808523813,0.0,0.0
2024-02-09,1000000,8175264.65,502004.8175010609,8677269.467501061,9677269.467501061,234,9677269.467501061,0.0,0.0
2024-02-16,1000000,8193345.026000001,528438.9210048567,8721783.947004857,9721783.947004857,291,9721783.947004857,0.0,0.0
2024-02-23,1000000,8219716.631000001,540195.3777451089,8759912.00874511,9759912.00874511,293,9759912.00874511,0.0,0.0
2024-03-01,1000000,8215895.991,592247.6586714683,8808143.649671469,9808143.649671469,290,9808143.649671469,0.0,0.0
2024-03-08,1000000,8337715.689,514156.1273156354,8851871.816315636,9851871.816315636,291,9851871.816315636,0.0,0.0
2024-03-15,1000000,8373725.913000001,515123.35605855973,8888849.269058561,9888849.269058561,281,9888849.269058561,0.0,0.0
2024-03-22,1000000,8486320.179,436418.9926485609,8922739.17164856,9922739.17164856,250,9922739.17164856,0.0,0.0
2024-03-29,1000000,8539301.541,409336.13879219245,8948637.679792192,9948637.679792192,249,9948637.679792192,0.0,0.0
2024-04-05,1000000,8591980.706,377855.7755937745,8969836.481593775,9969836.481593775,231,9969836.481593775,0.0,0.0
2024-04-12,1000000,8702302.285,281797.20661744184,8984099.491617441,9984099.491617441,175,9984099.491617441,0.0,0.0
2024-04-19,1000000,8852702.611,137505.99410258865,8990208.605102587,9990208.605102587,91,9990208.605102587,0.0,0.0
2024-04-26,1000000,8846423.21,155620.5341781416,9002043.744178142,10002043.744178142,84,10002043.744178142,0.0,0.0
2024-05-03,1000000,8858770.944000002,157461.56335742227,9016232.507357424,10016232.507357424,107,10016232.507357424,0.0,0.0
2024-05-10,1000000,8859870.858000001,169627.53372104315,9029498.391721044,10029498.391721044,179,10029498.391721044,0.0,0.0
2024-05-17,1000000,8856934.089,188004.7528896563,9044938.841889655,10044938.841889655,273,10044938.841889655,0.0,0.0
2024-05-24,1000000,8884621.037,171158.36493194068,9055779.401931942,10055779.401931942,294,10055779.401931942,0.0,0.0
2024-05-31,1000000,8945243.897,121653.90326804674,9066897.800268047,10066897.800268047,285,10066897.800268047,0.0,0.0
2024-06-07,1000000,8944552.421999998,134423.17825538386,9078975.600255381,10078975.600255381,282,10078975.600255381,0.0,0.0
2024-06-14,1000000,8937745.796,155473.57904508433,9093219.375045085,10093219.375045085,250,10093219.375045085,0.0,0.0
2024-06-21,1000000,8930971.447,179173.96652279512,9110145.413522795,10110145.413522795,247,10110145.413522795,0.0,0.0
2024-06-28,1000000,8918103.927000001,214494.87348778045,9132598.800487781,10132598.800487781,235,10132598.800487781,0.0,0.0
2024-07-05,1000000,8939849.794000002,216010.45143409842,9155860.2454341,10155860.2454341,229,10155860.2454341,0.0,0.0
2024-07-12,1000000,8941491.479,234270.92734458088,9175762.406344581,10175762.406344581,284,10175762.406344581,0.0,0.0
2024-07-19,1000000,8941755.413,239187.52246481954,9180942.93546482,10180942.93546482,334,10180942.93546482,0.0,0.0
2024-07-26,1000000,9013604.415000001,157315.00482187376,9170919.419821875,10170919.419821875,305,10180942.93546482,-10023.515642944723,-0.09845370616928119
2024-08-02,1000000,9024625.928,134016.62530030633,9158642.553300306,10158642.553300306,266,10180942.93546482,-22300.382164513692,-0.2190404396318871
2024-08-09,1000000,9001303.672,156643.38368718087,9157947.055687182,10157947.055687182,163,10180942.93546482,-22995.87977763824,-0.2258718069967096
2024-08-16,1000000,8998557.042000001,177034.8767552145,9175591.918755217,10175591.918755217,145,10180942.93546482,-5351.016709603369,-0.0525591464712307
2024-08-23,1000000,8988808.170000002,209015.51213482505,9197823.682134828,10197823.682134828,186,10197823.682134828,0.0,0.0
2024-08-30,1000000,8991358.489,223242.41075356226,9214600.899753563,10214600.899753563,232,10214600.899753563,0.0,0.0
2024-09-06,1000000,8989893.498,239826.32898296835,9229719.826982968,10229719.826982968,208,10229719.826982968,0.0,0.0
2024-09-13,1000000,8998682.546,256095.86325760256,9254778.409257602,10254778.409257602,189,10254778.409257602,0.0,0.0
2024-09-20,1000000,9006084.461,275095.3263574145,9281179.787357414,10281179.787357414,225,10281179.787357414,0.0,0.0
2024-09-27,1000000,8998881.519000001,303783.75851391023,9302665.277513912,10302665.277513912,247,10302665.277513912,0.0,0.0
2024-10-04,1000000,8998364.985,328966.1403866683,9327331.125386668,10327331.125386668,239,10327331.125386668,0.0,0.0
2024-10-11,1000000,9001481.355,351098.9803690511,9352580.335369052,10352580.335369052,245,10352580.335369052,0.0,0.0
2024-10-18,1000000,9016518.609000001,360895.64389816986,9377414.252898172,10377414.252898172,270,10377414.252898172,0.0,0.0
2024-10-25,1000000,9063362.355,336732.0531847902,9400094.408184791,10400094.408184791,251,10400094.408184791,0.0,0.0
2024-11-01,1000000,9223069.265,198029.19217815573,9421098.457178157,10421098.457178157,192,10421098.457178157,0.0,0.0
2024-11-08,1000000,9239050.614,197175.00942756954,9436225.62342757,10436225.62342757,198,10436225.62342757,0.0,0.0
2024-11-15,1000000,9295005.534999998,140497.52239682392,9435503.057396822,10435503.057396822,262,10436225.62342757,-722.5660307481885,-0.006923633666238006
2024-11-22,1000000,9273379.079,175246.11013201292,9448625.189132012,10448625.189132012,255,10448625.189132012,0.0,0.0
2024-11-29,1000000,9294422.985000001,172500.17776108126,9466923.162761083,10466923.162761083,280,10466923.162761083,0.0,0.0
2024-12-06,1000000,9294602.754999999,189197.7620320145,9483800.517032014,10483800.517032014,313,10483800.517032014,0.0,0.0
2024-12-13,1000000,9286341.744,210411.5876067842,9496753.331606785,10496753.331606785,281,10496753.331606785,0.0,0.0
2024-12-20,1000000,9392153.614,118322.92291167584,9510476.536911676,10510476.536911676,175,10510476.536911676,0.0,0.0
2024-12-27,1000000,9391268.118,131512.66910221483,9522780.787102215,10522780.787102215,168,10522780.787102215,0.0,0.0
2025-01-03,1000000,9420218.796,114460.01785192781,9534678.813851928,10534678.813851928,150,10534678.813851928,0.0,0.0
2025-01-10,1000000,9425540.781000001,115396.04904773028,9540936.830047732,10540936.830047732,148,10540936.830047732,0.0,0.0
2025-01-17,1000000,9486939.816,57948.763138824244,9544888.579138825,10544888.579138825,137,10544888.579138825,0.0,0.0
2025-01-24,1000000,9504049.445,34848.56349425721,9538898.008494258,10538898.008494258,217,10544888.579138825,-5990.570644566789,-0.05681018438087683
2025-01-31,1000000,9493790.621,24532.230997025876,9518322.851997025,10518322.851997025,211,10544888.579138825,-26565.727141799405,-0.25192989894985657
2025-02-07,1000000,9481843.423999999,21338.89704473211,9503182.32104473,10503182.32104473,201,10544888.579138825,-41706.258094094694,-0.3955116052776798
2025-02-14,1000000,9473750.014,11893.889659880258,9485643.90365988,10485643.90365988,181,10544888.579138825,-59244.675478944555,-0.5618331102724929
2025-02-21,1000000,9470304.399,-5181.751112272172,9465122.647887727,10465122.647887727,182,10544888.579138825,-79765.93125109747,-0.756441669842772
2025-02-28,1000000,9464142.002999999,-22958.732026164667,9441183.270973833,10441183.270973833,151,10544888.579138825,-103705.30816499144,-0.9834651868219246
2025-03-07,1000000,9441648.112,-13229.292715316842,9428418.819284683,10428418.819284683,97,10544888.579138825,-116469.75985414162,-1.1045138977054363
2025-03-14,1000000,9430019.122000001,-7595.873175584209,9422423.248824418,10422423.248824418,78,10544888.579138825,-122465.33031440713,-1.161371496676436
2025-03-21,1000000,9449492.862,-33714.36484436703,9415778.497155633,10415778.497155633,80,10544888.579138825,-129110.08198319189,-1.2243854547559003
2025-03-28,1000000,9442210.382,-44550.83596026222,9397659.546039738,10397659.546039738,99,10544888.579138825,-147229.03309908696,-1.3962123164615818
2025-04-04,1000000,9418976.607,-35869.001834652634,9383107.605165347,10383107.605165347,79,10544888.579138825,-161780.97397347726,-1.534212265585546
2025-04-11,1000000,9408384.655000001,-29227.298420305735,9379157.356579695,10379157.356579695,53,10544888.579138825,-165731.22255912982,-1.5716735299318325
2025-04-18,1000000,9390263.99,-12077.026488136573,9378186.963511864,10378186.963511864,79,10544888.579138825,-166701.615626961,-1.5808760270521047
2025-04-25,1000000,9386077.374,8961.782472935214,9395039.156472934,10395039.156472934,83,10544888.579138825,-149849.4226658903,-1.4210621718880994
2025-05-02,1000000,9403035.394000001,10859.68504165184,9413895.079041652,10413895.079041652,221,10544888.579138825,-130993.50009717233,-1.2422464126962853
2025-05-09,1000000,9397958.691,34616.51642345099,9432575.20742345,10432575.20742345,275,10544888.579138825,-112313.37171537429,-1.0650977568180873
2025-05-16,1000000,9393434.072,79355.66781967058,9472789.739819672,10472789.739819672,346,10544888.579138825,-72098.83931915276,-0.6837325854896884
2025-05-23,1000000,9391521.332000002,125062.29628219313,9516583.628282195,10516583.628282195,363,10544888.579138825,-28304.95085662976,-0.2684234228195264
2025-05-30,1000000,9379924.784,185801.10929015605,9565725.893290156,10565725.893290156,362,10565725.893290156,0.0,0.0
2025-06-06,1000000,9372854.359000001,243938.1541645042,9616792.513164505,10616792.513164505,356,10616792.513164505,0.0,0.0
2025-06-13,1000000,9384215.493999999,287864.69894545677,9672080.192945456,10672080.192945456,354,10672080.192945456,0.0,0.0
2025-06-20,1000000,9380516.850000001,347430.4530331312,9727947.303033132,10727947.303033132,350,10727947.303033132,0.0,0.0
2025-06-27,1000000,9385096.174,402062.4639969326,9787158.637996932,10787158.637996932,304,10787158.637996932,0.0,0.0
2025-07-04,1000000,9412360.1,433544.6778641419,9845904.777864141,10845904.777864141,309,10845904.777864141,0.0,0.0
2025-07-11,1000000,9465930.559,437575.8860395197,9903506.44503952,10903506.44503952,328,10903506.44503952,0.0,0.0
2025-07-18,1000000,9475691.413999999,477452.635250114,9953144.049250113,10953144.049250113,312,10953144.049250113,0.0,0.0
2025-07-25,1000000,9486687.88,516830.38703277893,10003518.26703278,11003518.26703278,300,11003518.26703278,0.0,0.0
2025-08-01,1000000,9563058.629999999,488493.5163058393,10051552.146305839,11051552.146305839,268,11051552.146305839,0.0,0.0
2025-08-08,1000000,9704897.517,390459.2039567016,10095356.720956702,11095356.720956702,195,11095356.720956702,0.0,0.0
2025-08-15,1000000,9711451.573,424818.54254100437,10136270.115541006,11136270.115541006,209,11136270.115541006,0.0,0.0
2025-08-22,1000000,9744329.247000001,433757.1720504017,10178086.419050403,11178086.419050403,219,11178086.419050403,0.0,0.0
2025-08-29,1000000,9749442.284,472226.6779143426,10221668.961914342,11221668.961914342,258,11221668.961914342,0.0,0.0
2025-09-05,1000000,9803937.594,461320.4472144963,10265258.041214496,11265258.041214496,262,11265258.041214496,0.0,0.0
2025-09-12,1000000,9838061.947999999,466549.16617158835,10304611.114171587,11304611.114171587,263,11304611.114171587,0.0,0.0
2025-09-19,1000000,9863217.173999999,482364.0945136164,10345581.268513614,11345581.268513614,280,11345581.268513614,0.0,0.0
2025-09-26,1000000,9945741.224000001,445781.50171115657,10391522.725711158,11391522.725711158,275,11391522.725711158,0.0,0.0
2025-10-03,1000000,10008767.898,423565.63439769,10432333.53239769,11432333.53239769,253,11432333.53239769,0.0,0.0
2025-10-10,1000000,10008841.703,458075.65041879646,10466917.353418795,11466917.353418795,262,11466917.353418795,0.0,0.0
2025-10-17,1000000,10097128.421,401041.04579882434,10498169.466798825,11498169.466798825,208,11498169.466798825,0.0,0.0
2025-10-24,1000000,10148780.782000002,378920.0572997832,10527700.839299785,11527700.839299785,213,11527700.839299785,0.0,0.0
2025-10-31,1000000,10236361.545000002,314710.002227816,10551071.547227819,11551071.547227819,216,11551071.547227819,0.0,0.0
2025-11-07,1000000,10235427.271,338292.6443911465,10573719.915391147,11573719.915391147,212,11573719.915391147,0.0,0.0
