symbol,entry_date,exit_date,entry_price,exit_price,shares,pnl,pnl_pct
MYRG,2017-04-01,2017-06-01,40.09,28.94,249,-2776.3500000000004,-27.81242205038663
PDFS,2017-04-01,2017-06-01,22.6,16.18,442,-2837.640000000001,-28.407079646017706
COHR,2017-04-01,2017-06-01,38.93,30.72,256,-2101.76,-21.089134343693814
GPRE,2017-04-01,2017-06-01,23.82,21.17,419,-1110.3499999999995,-11.125104953820308
KRNT,2017-04-01,2017-06-01,19.13,16.24,522,-1508.5800000000004,-15.107161526398327
CECO,2017-05-01,2017-06-01,11.56,9.39,865,-1877.05,-18.771626297577846
LFMD,2017-04-01,2017-07-01,2.45,1.4,4081,-4285.050000000001,-42.85714285714286
ONCY,2017-05-01,2017-07-01,5.84,3.39,1712,-4194.4,-41.95205479452054
TATT,2017-06-01,2017-07-01,12.38,10.04,807,-1888.3800000000012,-18.901453957996782
FATE,2017-04-01,2017-08-01,4.58,2.77,2183,-3951.23,-39.519650655021834
NSSC,2017-04-01,2017-08-01,5.1,4.63,1960,-921.1999999999995,-9.215686274509805
VECO,2017-04-01,2017-09-01,29.65,19.19,337,-3525.019999999999,-35.27824620573355
VSA,2017-04-01,2017-09-01,94.04,61.85,106,-3412.1400000000003,-34.230114844746915
SNBR,2017-05-01,2017-09-01,33.16,29.44,301,-1119.7199999999987,-11.218335343787677
QMCO,2017-05-01,2017-09-01,164.48,104.13,60,-3620.9999999999995,-36.691391050583654
KRNT,2017-07-01,2017-09-01,19.77,16.6,505,-1600.849999999999,-16.034395548811318
STLD,2017-04-01,2017-10-01,34.18,34.02,292,-46.719999999999004,-0.4681100058513632
CRUS,2017-04-01,2017-10-01,61.32,51.85,163,-1543.61,-15.44357469015003
NGNE,2017-04-01,2017-10-01,326.49,279.7,30,-1403.7000000000007,-14.331219945480722
TSLA,2017-07-01,2017-10-01,24.46,22.69,408,-722.1599999999999,-7.236304170073593
OMER,2017-07-01,2017-10-01,22.67,21.38,441,-568.8900000000012,-5.690339655932963
ALTS,2017-09-01,2017-10-01,7.76,5.06,1288,-3477.6000000000004,-34.79381443298969
VCEL,2017-09-01,2017-10-01,4.14,5.61,2415,3550.0500000000015,35.50724637681162
MMYT,2017-04-01,2017-11-01,35.48,24.58,281,-3062.8999999999996,-30.721533258173615
IDN,2017-04-01,2017-11-01,2.27,2.23,4405,-176.20000000000016,-1.7621145374449365
SSRM,2017-04-01,2017-11-01,10.58,9.57,945,-954.4499999999998,-9.546313799621931
SMMT,2017-04-01,2017-11-01,13.09,9.55,763,-2701.0199999999995,-27.043544690603504
ARLP,2017-04-01,2017-11-01,21.35,19.71,468,-767.5200000000002,-7.681498829039812
ISSC,2017-06-01,2017-11-01,2.93,2.07,3412,-2934.320000000001,-29.35153583617749
ZG,2017-06-01,2017-11-01,43.98,40.76,227,-730.9399999999997,-7.321509777171443
SYPR,2017-07-01,2017-11-01,1.67,1.4,5988,-1616.7600000000002,-16.167664670658688
RGLD,2017-08-01,2017-11-01,87.69,83.8,114,-443.46000000000004,-4.436081651271529
LFMD,2017-08-01,2017-11-01,1.99,2.19,5025,1004.9999999999998,10.050251256281406
CRNT,2017-04-01,2017-12-01,3.28,1.89,3048,-4236.719999999999,-42.37804878048781
CYTK,2017-04-01,2017-12-01,12.52,7.2,798,-4245.36,-42.49201277955271
Z,2017-05-01,2017-12-01,39.66,42.04,252,599.7600000000007,6.001008572869404
TVTX,2017-10-01,2017-12-01,24.02,21.91,416,-877.7599999999998,-8.784346378018315
CAR,2017-11-01,2017-12-01,31.24,28.41,320,-905.5999999999995,-9.058898847631236
TRUE,2017-04-01,2018-01-01,15.69,11.17,637,-2879.24,-28.808158062460166
EHTH,2017-06-01,2018-01-01,18.35,17.54,544,-440.64000000000124,-4.41416893732971
LITS,2017-06-01,2018-01-01,40.63,38.33,246,-565.8000000000011,-5.6608417425547675
LFMD,2017-12-01,2018-01-01,2.03,1.93,4926,-492.59999999999934,-4.92610837438423
BLBD,2017-04-01,2018-02-01,17.17,21.36,582,2438.5799999999986,24.403028538147908
AMKR,2017-04-01,2018-02-01,10.85,9.68,921,-1077.57,-10.78341013824885
CRESY,2017-04-01,2018-02-01,18.13,19.33,551,661.1999999999996,6.6188637617208945
STKL,2017-06-01,2018-02-01,9.69,7.47,1031,-2288.8199999999997,-22.910216718266252
AVGO,2017-09-01,2018-02-01,24.79,24.13,403,-265.9800000000001,-2.6623638563937124
FTAI,2017-10-01,2018-02-01,15.41,15.23,648,-116.63999999999982,-1.1680726800778696
LAKE,2017-11-01,2018-02-01,15.66,14.07,638,-1014.42,-10.15325670498084
IDN,2018-01-01,2018-02-01,2.58,2.32,3875,-1007.5000000000009,-10.077519379844968
OMER,2018-01-01,2018-02-01,19.92,16.16,502,-1887.520000000001,-18.87550200803213
WLDN,2017-04-01,2018-03-01,30.49,21.45,327,-2956.08,-29.649065267300756
PATK,2017-10-01,2018-03-01,37.35,41.42,267,1086.69,10.896921017402939
AAOI,2017-04-01,2018-04-01,58.61,23.63,170,-5946.6,-59.6826480122846
STRL,2017-04-01,2018-04-01,9.14,10.86,1094,1881.6799999999987,18.818380743982477
MASI,2017-04-01,2018-04-01,92.9,85.55,107,-786.450000000001,-7.91173304628634
MMYT,2017-12-01,2018-04-01,29.91,33.25,334,1115.56,11.166833834837853
EHTH,2018-02-01,2018-04-01,18.14,14.15,551,-2198.4900000000002,-21.99558985667034
SMMT,2018-02-01,2018-04-01,14.26,12.93,701,-932.33,-9.326788218793824
CASH,2017-04-01,2018-05-01,28.85,36.27,346,2567.3200000000006,25.71923743500868
AMD,2017-04-01,2018-05-01,13.97,10.84,715,-2237.9500000000007,-22.405153901216902
TER,2017-05-01,2018-05-01,35.44,32.69,282,-775.5,-7.759593679458243
COHR,2017-10-01,2018-05-01,41.22,38.68,242,-614.6799999999998,-6.162057253760311
SMH,2017-11-01,2018-05-01,50.53,48.04,197,-490.53000000000037,-4.927765683752227
NVAX,2018-04-01,2018-05-01,40.83,30.71,244,-2469.2799999999993,-24.785696791574818
SLM,2017-04-01,2018-06-01,11.99,11.48,834,-425.3399999999998,-4.253544620517092
TSEM,2017-04-01,2018-06-01,23.18,25.91,431,1176.63,11.777394305435717
RUSHA,2017-04-01,2018-06-01,14.21,19.31,703,3585.2999999999984,35.890218156227995
CDZI,2017-04-01,2018-06-01,14.81,12.6,675,-1491.7500000000007,-14.922349763673203
EWBC,2017-05-01,2018-06-01,56.63,70.43,176,2428.8000000000006,24.368709164753668
MRVL,2017-06-01,2018-06-01,17.62,22.03,567,2500.4700000000003,25.028376844494883
MAMA,2018-01-01,2018-06-01,1.3,0.91,7692,-2999.88,-30.000000000000004
STLD,2018-03-01,2018-06-01,48.56,49.64,205,221.39999999999964,2.224052718286651
SVRA,2018-04-01,2018-06-01,9.34,9.81,1070,502.90000000000066,5.032119914346911
SKYW,2017-04-01,2018-07-01,34.06,52.18,293,5309.159999999999,53.200234879624176
AMAT,2017-04-01,2018-07-01,38.91,45.37,257,1660.2200000000003,16.602415831405803
BBSI,2017-10-01,2018-07-01,14.1,23.16,709,6423.54,64.25531914893618
FBNC,2017-10-01,2018-07-01,34.28,41.49,291,2098.11,21.03267211201867
SOXX,2017-11-01,2018-07-01,57.24,59.08,174,320.15999999999934,3.2145352900069923
APLD,2018-06-01,2018-07-01,0.24,0.07,41666,-7083.219999999999,-70.83333333333333
MKSI,2017-04-01,2018-08-01,68.38,93.27,146,3633.94,36.39953202690847
CENX,2017-06-01,2018-08-01,14.92,12.62,670,-1541.0000000000005,-15.415549597855238
ARCB,2017-11-01,2018-08-01,32.89,45.7,304,3894.2400000000007,38.94800851322591
MEOH,2018-01-01,2018-08-01,61.58,68.37,162,1099.980000000001,11.026307242611244
TARA,2018-07-01,2018-08-01,100.34,86.09,99,-1410.75,-14.201714171815826
EXTR,2017-04-01,2018-09-01,6.91,6.27,1447,-926.0800000000008,-9.261939218523885
LNTH,2017-04-01,2018-09-01,12.17,15.65,821,2857.0800000000004,28.594905505341007
ON,2017-04-01,2018-09-01,15.23,21.48,656,4100.0,41.03742613263297
LRCX,2017-04-01,2018-09-01,12.88,17.31,776,3437.6799999999985,34.394409937888184
AUPH,2017-04-01,2018-09-01,7.42,5.63,1347,-2411.13,-24.123989218328845
ONCY,2018-02-01,2018-09-01,5.66,4.07,1766,-2807.9399999999996,-28.091872791519435
NVMI,2017-04-01,2018-10-01,18.35,26.23,544,4286.719999999999,42.94277929155312
FIZZ,2017-04-01,2018-10-01,31.08,44.87,321,4426.59,44.36936936936937
LOGI,2017-04-01,2018-10-01,31.9,44.56,313,3962.5800000000013,39.68652037617557
MPWR,2017-11-01,2018-10-01,120.12,124.71,83,380.9699999999991,3.8211788211788056
ASML,2017-11-01,2018-10-01,180.1,192.11,55,660.5500000000011,6.668517490283188
APEI,2018-04-01,2018-10-01,41.84,32.13,239,-2320.69,-23.2074569789675
SYPR,2018-07-01,2018-10-01,1.64,1.39,6097,-1524.25,-15.243902439024392
OMER,2018-08-01,2018-10-01,21.26,21.93,470,314.8999999999991,3.1514581373471184
PLUG,2018-08-01,2018-10-01,1.93,1.96,5181,155.43000000000015,1.5544041450777257
WIX,2017-04-01,2018-11-01,66.03,94.52,151,4301.989999999999,43.1470543692261
FSLR,2018-04-01,2018-11-01,72.09,39.17,138,-4542.96,-45.66514079622694
UPBD,2018-08-01,2018-11-01,14.76,14.03,677,-494.21000000000026,-4.945799457994582
EYPT,2018-10-01,2018-11-01,35.98,19.19,277,-4650.829999999999,-46.664813785436344
MELI,2017-04-01,2018-12-01,211.67,340.75,47,6066.76,60.98171682335711
NVDA,2017-04-01,2018-12-01,2.74,3.6,3649,3138.1399999999994,31.386861313868607
SAIA,2017-04-01,2018-12-01,43.36,59.69,230,3755.8999999999996,37.66143911439115
IDXX,2017-04-01,2018-12-01,154.62,198.65,64,2817.92,28.4762643901177
CAMT,2017-04-01,2018-12-01,3.27,7.88,3058,14097.379999999997,140.97859327217125
BJRI,2018-09-01,2018-12-01,75.75,53.6,132,-2923.7999999999997,-29.240924092409237
TQQQ,2017-04-01,2019-01-01,3.62,4.09,2762,1298.1399999999994,12.983425414364635
AXGN,2017-04-01,2019-01-01,10.26,15.94,974,5532.32,55.36062378167641
TRUP,2017-05-01,2019-01-01,16.1,23.86,621,4818.959999999999,48.19875776397513
XNET,2017-12-01,2019-01-01,18.88,3.3,529,-8241.82,-82.52118644067797
DVAX,2018-04-01,2019-01-01,19.96,8.12,501,-5931.840000000001,-59.318637274549104
LGND,2018-06-01,2019-01-01,120.27,82.34,83,-3148.1899999999996,-31.53737424129043
LITS,2018-06-01,2019-01-01,64.97,41.0,153,-3667.41,-36.89395105433276
NTRA,2018-08-01,2019-01-01,23.29,12.16,429,-4774.7699999999995,-47.788750536711035
IBKR,2018-02-01,2019-03-01,16.25,14.22,615,-1248.4499999999996,-12.49230769230769
LRMR,2018-02-01,2019-03-01,78.0,56.88,128,-2703.3599999999997,-27.076923076923077
ANGI,2018-05-01,2019-03-01,134.36,162.7,74,2097.159999999998,21.092587079487913
OPCH,2018-06-01,2019-03-01,10.45,12.98,956,2418.680000000001,24.210526315789483
ARCB,2018-10-01,2019-03-01,48.26,35.65,207,-2610.27,-26.12929962702031
NVAX,2018-11-01,2019-03-01,34.4,26.69,290,-2235.899999999999,-22.41279069767441
SVRA,2018-12-01,2019-03-01,8.6,6.89,1162,-1987.02,-19.883720930232563
NTRA,2019-02-01,2019-03-01,13.97,16.51,715,1816.1000000000006,18.181818181818187
RDNT,2017-09-01,2019-04-01,10.6,11.86,943,1188.1799999999998,11.886792452830196
IOVA,2018-03-01,2019-04-01,18.43,9.41,542,-4888.84,-48.94194248507867
ATRC,2018-09-01,2019-04-01,35.05,26.79,285,-2354.0999999999995,-23.566333808844508
SKYW,2018-12-01,2019-04-01,55.57,54.04,179,-273.87000000000023,-2.7532841461220148
TARA,2019-01-01,2019-04-01,82.55,55.96,121,-3217.3899999999994,-32.21078134463961
NBIX,2018-05-01,2019-05-01,82.43,73.71,121,-1055.1200000000015,-10.57867281329614
VNET,2018-10-01,2019-05-01,10.41,8.0,960,-2313.6000000000004,-23.150816522574445
SSSS,2018-11-01,2019-05-01,7.05,6.58,1418,-666.4599999999997,-6.666666666666665
SNBR,2019-04-01,2019-05-01,46.83,31.9,213,-3180.09,-31.88127268844758
ALGN,2017-04-01,2019-06-01,115.19,296.13,86,15560.84,157.07960760482683
MMSI,2017-06-01,2019-06-01,35.42,51.98,282,4669.919999999998,46.75324675324675
ISRG,2017-09-01,2019-06-01,110.93,156.85,90,4132.799999999999,41.39547462363651
ALNT,2018-04-01,2019-06-01,27.19,22.72,367,-1640.490000000001,-16.439867598381763
MTRX,2018-11-01,2019-06-01,19.93,18.41,501,-761.5199999999998,-7.62669342699448
APEI,2019-03-01,2019-06-01,33.33,29.1,300,-1268.999999999999,-12.691269126912685
TQQQ,2019-04-01,2019-06-01,7.15,6.51,1398,-894.7200000000008,-8.951048951048957
QCOM,2019-05-01,2019-06-01,94.12,62.33,106,-3369.7400000000007,-33.77603059923503
ASTH,2017-04-01,2019-07-01,8.92,16.34,1121,8317.82,83.18385650224216
TREE,2017-07-01,2019-07-01,180.08,421.52,55,13279.199999999999,134.07374500222122
BJRI,2019-01-01,2019-07-01,49.73,43.51,201,-1250.2199999999998,-12.50754071988739
DMRC,2019-06-01,2019-07-01,60.48,41.87,165,-3070.65,-30.770502645502653
EXPI,2017-04-01,2019-08-01,1.83,5.24,5464,18632.24,186.33879781420765
NFLX,2017-08-01,2019-08-01,19.06,31.39,524,6460.920000000001,64.69045120671564
ENTA,2017-11-01,2019-08-01,49.39,75.69,202,5312.599999999999,53.249645677262606
EYPT,2019-02-01,2019-08-01,22.25,13.78,449,-3803.03,-38.06741573033708
ADMA,2019-05-01,2019-08-01,4.55,3.49,2197,-2328.8199999999993,-23.296703296703292
SLNO,2019-06-01,2019-08-01,39.73,32.43,251,-1832.2999999999993,-18.37402466649887
VICR,2017-04-01,2019-09-01,16.11,30.33,620,8816.4,88.26815642458101
LPLA,2017-04-01,2019-09-01,39.3,73.68,254,8732.520000000002,87.48091603053439
OLLI,2017-04-01,2019-09-01,33.56,67.98,297,10222.74,102.56257449344459
VKTX,2017-11-01,2019-09-01,2.58,6.89,3875,16701.25,167.05426356589146
PANW,2018-09-01,2019-09-01,38.82,32.91,257,-1518.870000000001,-15.2241112828439
CRNT,2019-01-01,2019-09-01,3.48,2.25,2873,-3533.79,-35.3448275862069
FEIM,2019-02-01,2019-09-01,10.94,8.95,914,-1818.8600000000001,-18.190127970749547
IOVA,2019-06-01,2019-09-01,18.69,20.2,535,807.8499999999989,8.079186730872113
POET,2019-07-01,2019-09-01,3.09,2.83,3236,-841.3599999999993,-8.414239482200635
PRDO,2017-04-01,2019-10-01,8.79,15.24,1137,7333.6500000000015,73.37883959044372
VRNS,2017-04-01,2019-10-01,10.5,20.23,952,9262.960000000001,92.66666666666667
AMZN,2017-06-01,2019-10-01,49.97,86.1,200,7225.999999999999,72.30338202921753
TTGT,2018-03-01,2019-10-01,17.55,22.65,569,2901.8999999999987,29.059829059829045
VNOM,2018-05-01,2019-10-01,28.77,27.81,347,-333.1200000000003,-3.3368091762252416
OCC,2018-10-01,2019-10-01,6.19,3.44,1615,-4441.250000000001,-44.4264943457189
AMTX,2019-06-01,2019-10-01,1.12,1.1,8928,-178.56000000000017,-1.7857142857142905
ATRC,2019-06-01,2019-10-01,29.69,24.63,336,-1700.1600000000008,-17.042775345234094
ARQ,2019-08-01,2019-10-01,12.81,14.12,780,1021.799999999999,10.226385636221691
BOOM,2017-04-01,2019-11-01,12.22,45.33,818,27083.98,270.9492635024549
VCEL,2018-01-01,2019-11-01,5.29,16.17,1890,20563.200000000004,205.6710775047259
RFIL,2018-04-01,2019-11-01,4.72,5.93,2118,2562.7799999999997,25.635593220338993
AXON,2018-05-01,2019-11-01,42.01,53.16,238,2653.7,26.541299690549856
KALV,2018-09-01,2019-11-01,17.41,11.25,574,-3535.84,-35.3819643882826
BPOP,2019-05-01,2019-11-01,58.13,55.19,172,-505.68000000000086,-5.057629451230006
OMER,2019-09-01,2019-11-01,18.92,16.5,528,-1277.760000000001,-12.790697674418617
LNTH,2019-10-01,2019-11-01,25.72,20.34,388,-2087.4399999999996,-20.917573872472783
EYPT,2019-10-01,2019-11-01,18.33,22.31,545,2169.1000000000004,21.713038734315337
RUN,2018-06-01,2019-12-01,11.7,13.63,854,1648.2200000000012,16.495726495726505
TBCH,2018-06-01,2019-12-01,17.49,8.3,571,-5247.489999999999,-52.54431103487707
ENSG,2018-09-01,2019-12-01,39.15,43.71,255,1162.8000000000006,11.647509578544057
CLNE,2019-08-01,2019-12-01,2.67,1.88,3745,-2958.55,-29.588014981273414
WLDN,2019-09-01,2019-12-01,37.14,27.94,269,-2474.7999999999997,-24.771136241249327
CYTK,2019-09-01,2019-12-01,14.19,9.91,704,-3013.1199999999994,-30.162085976039464
VKTX,2019-10-01,2019-12-01,6.7,7.08,1492,566.9599999999998,5.671641791044779
DMRC,2019-10-01,2019-12-01,39.16,31.71,255,-1899.7499999999989,-19.024514811031658
PRTA,2019-11-01,2019-12-01,9.1,12.4,1098,3623.400000000001,36.26373626373627
VNET,2019-11-01,2019-12-01,8.27,6.93,1209,-1620.0599999999997,-16.20314389359129
STAA,2017-12-01,2020-01-01,17.38,35.82,575,10603.0,106.09896432681242
AMSC,2018-12-01,2020-01-01,9.16,7.99,1091,-1276.47,-12.772925764192134
WIX,2019-02-01,2020-01-01,108.55,121.22,92,1165.64,11.672040534315986
IDXX,2019-06-01,2020-01-01,251.2,264.66,39,524.9400000000014,5.3582802547770925
CECO,2019-06-01,2020-01-01,8.9,7.6,1123,-1459.9000000000008,-14.60674157303371
FIVE,2018-05-01,2020-02-01,71.18,117.98,140,6552.0,65.74880584433829
PACB,2018-12-01,2020-02-01,7.6,4.76,1315,-3734.6,-37.36842105263158
IPAR,2018-12-01,2020-02-01,59.98,70.36,166,1723.0800000000004,17.30576858952986
LOCO,2019-12-01,2020-02-01,14.54,12.42,687,-1456.4399999999994,-14.580467675378262
DGII,2019-12-01,2020-02-01,18.95,16.01,527,-1549.3799999999987,-15.514511873350912
FAST,2020-01-01,2020-02-01,18.09,17.26,552,-458.15999999999906,-4.588170259812041
FOXF,2017-04-01,2020-03-01,29.0,68.14,344,13464.16,134.96551724137933
CDNA,2018-04-01,2020-03-01,7.85,25.13,1273,21997.440000000002,220.12738853503186
SPSC,2018-11-01,2020-03-01,46.43,53.46,215,1511.4500000000003,15.141072582382087
CAMT,2019-01-01,2020-03-01,6.28,10.71,1592,7052.560000000001,70.54140127388536
NSIT,2019-10-01,2020-03-01,55.79,53.42,179,-424.22999999999956,-4.248073131385544
QCOM,2019-11-01,2020-03-01,82.29,78.73,121,-430.7600000000003,-4.3261635678697345
LNTH,2019-12-01,2020-03-01,20.55,15.87,486,-2274.480000000001,-22.773722627737236
KALV,2019-12-01,2020-03-01,14.17,13.1,705,-754.3500000000003,-7.551164431898383
CROX,2018-04-01,2020-04-01,16.3,16.78,613,294.24000000000024,2.944785276073625
CRMD,2018-11-01,2020-04-01,4.1,3.43,2439,-1634.1299999999987,-16.341463414634138
AGYS,2018-11-01,2020-04-01,16.14,15.4,619,-458.0600000000001,-4.5848822800495626
UPBD,2019-01-01,2020-04-01,16.17,13.64,618,-1563.5400000000006,-15.646258503401366
CRVL,2019-07-01,2020-04-01,28.6,17.07,349,-4023.9700000000003,-40.31468531468532
MANH,2019-08-01,2020-04-01,89.04,49.98,112,-4374.720000000001,-43.86792452830189
CTAS,2019-08-01,2020-04-01,66.17,41.19,151,-3771.9800000000005,-37.75124678857489
SNBR,2019-11-01,2020-04-01,48.32,18.79,206,-6083.18,-61.11341059602648
TREE,2019-12-01,2020-04-01,365.35,166.55,27,-5367.6,-54.41357602299165
RDNT,2019-12-01,2020-04-01,19.6,9.51,510,-5145.900000000001,-51.4795918367347
IESC,2020-01-01,2020-04-01,26.0,17.07,384,-3429.12,-34.34615384615385
TQQQ,2020-01-01,2020-04-01,11.07,5.56,903,-4975.530000000001,-49.77416440831075
VCEL,2020-01-01,2020-04-01,17.43,8.41,573,-5168.46,-51.74985656913368
IBRX,2020-02-01,2020-04-01,6.72,2.99,1488,-5550.239999999999,-55.50595238095237
OPCH,2020-02-01,2020-04-01,17.53,9.09,570,-4810.800000000001,-48.14603536794068
POET,2020-03-01,2020-04-01,3.99,2.76,2506,-3082.380000000001,-30.827067669172937
RUN,2020-03-01,2020-04-01,21.1,10.37,473,-5075.290000000001,-50.85308056872039
SMCI,2020-03-01,2020-04-01,2.57,2.07,3891,-1945.5,-19.455252918287936
HROW,2019-01-01,2020-05-01,4.85,4.4,2061,-927.4499999999986,-9.278350515463906
TTEK,2019-07-01,2020-05-01,15.62,15.21,640,-262.39999999999895,-2.624839948783597
LAKE,2020-03-01,2020-05-01,18.13,13.9,551,-2330.729999999999,-23.331494760066185
GLDD,2018-12-01,2020-06-01,7.18,9.39,1392,3076.320000000001,30.779944289693617
VRSK,2019-04-01,2020-06-01,133.14,168.34,75,2640.0000000000014,26.43833558660058
MGNI,2019-04-01,2020-06-01,6.05,6.3,1652,413.0,4.132231404958686
PPC,2019-11-01,2020-06-01,21.35,12.44,468,-4169.880000000001,-41.73302107728338
BRKR,2019-11-01,2020-06-01,45.86,44.31,218,-337.8999999999994,-3.3798517226340974
VNET,2020-03-01,2020-06-01,15.46,14.14,646,-852.7200000000001,-8.538163001293665
ICLN,2020-03-01,2020-06-01,13.21,12.04,757,-885.6900000000013,-8.856926570779722
NSSC,2018-12-01,2020-07-01,8.07,11.57,1239,4336.5,43.370508054522915
CYBR,2019-01-01,2020-07-01,69.57,98.25,143,4101.240000000001,41.22466580422597
COST,2019-04-01,2020-07-01,217.31,276.99,46,2745.28,27.463071188624543
TRI,2019-06-01,2020-07-01,66.63,69.91,150,492.00000000000017,4.922707489119027
RGLD,2019-09-01,2020-07-01,134.83,121.07,74,-1018.2400000000014,-10.205443892308852
AAON,2019-11-01,2020-07-01,32.9,35.48,303,781.7399999999994,7.841945288753793
AMBA,2020-01-01,2020-07-01,61.1,44.62,163,-2686.2400000000007,-26.972176759410804
SYNA,2020-03-01,2020-07-01,66.66,58.13,150,-1279.499999999999,-12.796279627962793
SLNO,2020-06-01,2020-07-01,58.22,30.18,171,-4794.84,-48.16214359326692
UPBD,2020-06-01,2020-07-01,26.18,26.77,381,224.78999999999994,2.2536287242169495
RPD,2018-05-01,2020-08-01,28.2,58.45,354,10708.500000000002,107.26950354609932
EHTH,2018-06-01,2020-08-01,21.35,68.81,468,22211.28,222.2950819672131
REGN,2020-04-01,2020-08-01,468.86,628.79,21,3358.529999999999,34.1103954272064
META,2020-06-01,2020-08-01,235.21,236.54,42,55.85999999999933,0.5654521491433195
CLDX,2020-07-01,2020-08-01,13.75,10.71,727,-2210.0799999999995,-22.109090909090902
ASND,2017-10-01,2020-09-01,36.3,141.06,275,28809.0,288.5950413223141
AMKR,2019-11-01,2020-09-01,12.79,11.93,781,-671.6599999999995,-6.7240031274433125
CRUS,2019-11-01,2020-09-01,64.17,60.59,155,-554.8999999999997,-5.578930964625206
POET,2020-05-01,2020-09-01,4.06,3.92,2463,-344.8199999999992,-3.4482758620689613
SMCI,2020-05-01,2020-09-01,2.27,2.7,4405,1894.1500000000008,18.942731277533053
SMMT,2020-05-01,2020-09-01,3.51,3.54,2849,85.47000000000071,0.8547008547008517
RMBS,2020-06-01,2020-09-01,15.77,13.24,634,-1604.0199999999995,-16.043119847812292
STAA,2020-07-01,2020-09-01,63.86,47.0,156,-2630.16,-26.40150328844347
MGNX,2020-07-01,2020-09-01,30.31,27.17,329,-1033.059999999999,-10.359617288023749
MVIS,2020-07-01,2020-09-01,1.49,1.55,6711,402.66000000000037,4.026845637583887
FTNT,2018-05-01,2020-10-01,11.08,23.54,902,11238.92,112.45487364620939
SSRM,2019-08-01,2020-10-01,16.53,17.72,604,718.7599999999986,7.1990320629159
UFPI,2019-11-01,2020-11-01,52.98,49.52,188,-650.4799999999989,-6.5307663269158045
PDFS,2020-02-01,2020-11-01,16.24,19.1,615,1758.900000000002,17.610837438423665
AMAT,2020-03-01,2020-11-01,59.13,58.16,169,-163.930000000001,-1.64045323862676
MANH,2020-05-01,2020-11-01,68.71,87.17,145,2676.700000000001,26.866540532673568
QCOM,2020-08-01,2020-11-01,98.62,124.56,101,2619.9399999999996,26.302981139728242
SSSS,2020-08-01,2020-11-01,13.06,8.32,765,-3626.1000000000004,-36.29402756508423
ALTS,2020-09-01,2020-11-01,7.95,3.72,1257,-5317.110000000001,-53.20754716981132
TARA,2020-10-01,2020-11-01,16.17,19.28,618,1921.9799999999996,19.23314780457637
CWST,2017-04-01,2020-12-01,14.2,60.35,704,32489.600000000006,325.0
WING,2017-04-01,2020-12-01,12.85,122.32,778,85167.66,851.9066147859922
CPRT,2018-03-01,2020-12-01,11.96,28.48,836,13810.72,138.1270903010033
TNDM,2018-10-01,2020-12-01,41.66,90.38,240,11692.8,116.94671147383585
MSFT,2019-01-01,2020-12-01,97.77,213.21,102,11774.880000000001,118.07302853636088
CYTK,2020-02-01,2020-12-01,12.4,16.71,806,3473.8600000000006,34.75806451612904
LAKE,2020-07-01,2020-12-01,23.17,19.9,431,-1409.3700000000013,-14.113077255071227
MASI,2019-04-01,2021-01-01,137.57,267.3,72,9340.560000000001,94.30108308497493
ISSC,2019-06-01,2021-01-01,3.3,6.32,3030,9150.600000000002,91.51515151515153
AVXL,2020-03-01,2021-01-01,4.36,5.74,2293,3164.3399999999997,31.65137614678899
WIX,2020-06-01,2021-01-01,224.02,257.15,44,1457.7199999999984,14.78885813766626
LWAY,2020-09-01,2021-01-01,5.04,5.52,1984,952.319999999999,9.523809523809511
AMZN,2020-09-01,2021-01-01,174.19,164.12,57,-573.9899999999996,-5.781043687926967
LULU,2018-06-01,2021-02-01,111.38,328.59,89,19331.69,195.01705871790267
PCTY,2018-07-01,2021-02-01,59.1,191.78,169,22422.920000000002,224.50084602368867
IOVA,2019-12-01,2021-02-01,22.45,42.8,445,9055.749999999998,90.64587973273942
SOXX,2020-04-01,2021-02-01,68.05,134.23,146,9662.279999999999,97.252020573108
AMKR,2020-12-01,2021-02-01,14.37,15.99,695,1125.9000000000008,11.27348643006263
PODD,2017-09-01,2021-03-01,58.63,258.96,170,34056.1,341.68514412416846
SLP,2017-10-01,2021-03-01,15.41,69.49,648,35043.84,350.94094743672935
QMCO,2019-09-01,2021-03-01,120.31,165.24,83,3729.1900000000005,37.345191588396645
SPNS,2019-09-01,2021-03-01,18.34,31.66,545,7259.400000000001,72.62813522355506
KLAC,2019-10-01,2021-03-01,161.34,322.63,61,9838.689999999999,99.96900954506012
ARDX,2019-12-01,2021-03-01,7.22,6.57,1385,-900.2499999999993,-9.002770083102485
MRVL,2020-04-01,2021-03-01,22.92,48.24,436,11039.52,110.47120418848166
LYTS,2020-05-01,2021-03-01,6.26,9.25,1597,4775.030000000001,47.76357827476039
QCOM,2020-12-01,2021-03-01,146.72,136.89,68,-668.4400000000009,-6.699836423118876
DVAX,2021-02-01,2021-03-01,7.36,8.73,1358,1860.46,18.614130434782616
INSG,2018-11-01,2021-04-01,34.96,93.81,286,16831.100000000002,168.33524027459953
IDN,2019-06-01,2021-04-01,4.61,7.63,2169,6550.379999999999,65.50976138828632
TER,2019-11-01,2021-04-01,63.14,119.39,158,8887.5,89.08774152676591
AVDL,2020-03-01,2021-04-01,10.4,8.63,961,-1700.9699999999996,-17.019230769230763
GOGO,2020-10-01,2021-04-01,9.2,9.37,1086,184.61999999999992,1.8478260869565277
ARWR,2018-06-01,2021-05-01,10.71,75.91,933,60831.59999999999,608.7768440709616
AMSC,2021-01-01,2021-05-01,24.82,16.9,402,-3183.8400000000006,-31.90975020145045
DVAX,2021-04-01,2021-05-01,9.71,9.94,1029,236.66999999999862,2.3686920700308756
XNET,2021-04-01,2021-05-01,6.35,5.27,1574,-1699.92,-17.007874015748037
DXCM,2018-11-01,2021-06-01,32.22,91.75,310,18454.3,184.76101800124147
AAPL,2019-12-01,2021-06-01,66.54,125.85,150,8896.499999999998,89.13435527502251
AXON,2020-04-01,2021-06-01,73.35,138.22,136,8822.32,88.43899113837766
VRNS,2020-09-01,2021-06-01,41.53,49.04,240,1802.3999999999996,18.083313267517443
AUPH,2020-01-01,2021-07-01,21.09,13.74,474,-3483.8999999999996,-34.850640113798
NGNE,2020-01-01,2021-07-01,260.62,190.72,38,-2656.2000000000003,-26.820658429897936
ONCY,2021-03-01,2021-07-01,3.66,2.81,2732,-2322.2000000000003,-23.224043715847
VSA,2021-04-01,2021-07-01,15.38,13.0,650,-1547.0000000000005,-15.474642392717818
GOGO,2021-06-01,2021-07-01,13.23,11.46,755,-1336.3499999999997,-13.378684807256235
IBRX,2020-05-01,2021-08-01,3.81,11.01,2624,18892.8,188.97637795275588
VNET,2020-07-01,2021-08-01,26.62,16.05,375,-3963.75,-39.70698722764838
SNBR,2020-11-01,2021-08-01,64.43,94.37,155,4640.7,46.46903616327798
LAKE,2021-01-01,2021-08-01,28.31,26.2,353,-744.8299999999998,-7.453196750264923
FRPT,2017-05-01,2021-09-01,11.96,128.59,836,97502.68,975.1672240802675
MAMA,2020-03-01,2021-09-01,1.31,2.56,7633,9541.25,95.41984732824427
Z,2020-06-01,2021-09-01,60.16,98.46,166,6357.799999999999,63.663563829787236
ZG,2020-06-01,2021-09-01,60.07,97.68,166,6243.260000000001,62.61028799733646
OCUL,2020-07-01,2021-09-01,8.54,10.73,1170,2562.3000000000015,25.644028103044512
IESC,2020-11-01,2021-09-01,32.34,49.11,309,5181.9299999999985,51.85528756957327
ICLN,2020-11-01,2021-09-01,19.42,23.47,514,2081.6999999999985,20.85478887744592
ALTS,2021-04-01,2021-09-01,8.15,6.85,1226,-1593.8000000000009,-15.95092024539878
ATRC,2021-05-01,2021-09-01,72.51,74.5,137,272.6299999999993,2.7444490415114986
WIX,2021-07-01,2021-09-01,298.77,228.3,33,-2325.509999999999,-23.58670549251932
AMD,2018-10-01,2021-10-01,31.8,102.71,314,22265.739999999998,222.98742138364776
LRCX,2020-01-01,2021-10-01,29.74,57.83,336,9438.24,94.45191661062542
LOGI,2020-06-01,2021-10-01,58.76,90.25,170,5353.3,53.590878148400265
SMMT,2020-10-01,2021-10-01,3.46,4.73,2890,3670.3000000000015,36.70520231213874
POET,2021-02-01,2021-10-01,8.8,8.11,1136,-783.8400000000015,-7.8409090909091095
COHR,2021-06-01,2021-10-01,68.84,60.04,145,-1276.0000000000007,-12.783265543288792
IDXX,2021-07-01,2021-10-01,638.77,633.32,15,-81.74999999999898,-0.8532022480704948
AXON,2021-07-01,2021-10-01,176.75,177.02,56,15.120000000000573,0.15275813295616558
MRVL,2021-08-01,2021-10-01,60.14,60.79,166,107.89999999999976,1.0808114399733837
SHOP,2017-04-01,2021-11-01,7.13,145.7,1402,194275.13999999998,1943.4782608695652
FATE,2017-09-01,2021-11-01,3.73,55.58,2680,138958.0,1390.0804289544235
NEON,2020-05-01,2021-11-01,4.7,8.78,2127,8678.159999999998,86.80851063829785
CDNA,2021-03-01,2021-11-01,78.71,60.53,127,-2308.859999999999,-23.097446321941295
LWAY,2021-06-01,2021-11-01,5.71,5.52,1751,-332.6900000000007,-3.327495621716292
CYTK,2021-08-01,2021-11-01,32.02,34.79,312,864.2399999999988,8.650843222985616
IBRX,2021-10-01,2021-11-01,10.18,7.77,982,-2366.6200000000003,-23.673870333988212
MELI,2019-03-01,2021-12-01,430.66,1126.47,23,16003.63,161.56829053081316
SPWH,2020-06-01,2021-12-01,11.61,17.06,861,4692.45,46.94229112833763
LINC,2020-09-01,2021-12-01,7.84,7.05,1275,-1007.25,-10.076530612244895
STKL,2020-09-01,2021-12-01,6.9,6.04,1449,-1246.1400000000006,-12.463768115942031
MGNX,2021-05-01,2021-12-01,35.3,17.57,283,-5017.589999999999,-50.226628895184135
UPBD,2021-09-01,2021-12-01,64.55,45.48,154,-2936.78,-29.542989930286602
PCTY,2021-10-01,2021-12-01,289.13,254.41,34,-1180.48,-12.008439110434754
ISSC,2021-10-01,2021-12-01,7.01,6.54,1426,-670.2199999999997,-6.704707560627677
PTEN,2021-10-01,2021-12-01,9.24,6.78,1082,-2661.72,-26.623376623376625
AMSC,2021-11-01,2021-12-01,18.3,12.22,546,-3319.68,-33.224043715846996
VRNS,2021-11-01,2021-12-01,65.83,49.71,151,-2434.1199999999994,-24.48731581345891
NTRA,2019-04-01,2022-01-01,19.86,92.94,503,36759.24,367.97583081570997
VICR,2020-06-01,2022-01-01,61.57,127.03,162,10604.52,106.31801201884032
NVAX,2020-07-01,2022-01-01,87.77,155.16,113,7615.07,76.78022103224336
RUN,2020-08-01,2022-01-01,39.81,32.7,251,-1784.61,-17.85983421250942
STAA,2020-11-01,2022-01-01,77.27,93.72,129,2122.05,21.288986670117783
FIZZ,2020-12-01,2022-01-01,40.09,42.63,249,632.4599999999998,6.335744574706914
TBCH,2021-02-01,2022-01-01,30.19,23.58,331,-2187.9100000000008,-21.894667108314025
DVAX,2021-09-01,2022-01-01,19.06,14.53,524,-2373.72,-23.76705141657922
SPSC,2021-10-01,2022-01-01,168.0,144.05,59,-1413.0499999999993,-14.255952380952374
SNBR,2021-10-01,2022-01-01,101.36,77.47,98,-2341.2200000000003,-23.569455406471985
FOXF,2021-10-01,2022-01-01,147.23,164.13,67,1132.3000000000004,11.47863886436189
MPWR,2020-04-01,2022-02-01,164.59,372.85,60,12495.6,126.53259614800416
MTSI,2020-05-01,2022-02-01,28.94,58.5,345,10198.199999999999,102.1423635107118
LFMD,2020-08-01,2022-02-01,5.4,3.33,1851,-3831.5700000000006,-38.33333333333334
MVIS,2020-10-01,2022-02-01,2.04,2.89,4901,4165.85,41.66666666666667
SYPR,2021-03-01,2022-02-01,4.04,1.97,2475,-5123.250000000001,-51.23762376237624
GPRO,2021-05-01,2022-02-01,11.29,8.26,885,-2681.5499999999993,-26.837909654561553
RPD,2021-09-01,2022-02-01,121.26,91.24,82,-2461.640000000001,-24.75672109516741
AMKR,2021-09-01,2022-02-01,27.06,20.32,369,-2487.0599999999995,-24.907612712490756
TTEK,2021-12-01,2022-02-01,37.6,26.49,265,-2944.150000000001,-29.547872340425542
LRCX,2021-12-01,2022-02-01,68.25,55.35,146,-1883.3999999999999,-18.9010989010989
AMD,2021-12-01,2022-02-01,157.43,104.88,63,-3310.6500000000005,-33.37991488280506
KRNT,2019-05-01,2022-03-01,28.72,87.3,348,20385.84,203.96935933147634
TQQQ,2020-06-01,2022-03-01,10.45,23.95,956,12906.0,129.18660287081343
EXPI,2020-07-01,2022-03-01,8.81,25.65,1135,19113.399999999994,191.1464245175936
TRUP,2020-08-01,2022-03-01,51.02,81.07,196,5889.799999999998,58.89847118776947
TBHC,2020-12-01,2022-03-01,15.98,13.32,625,-1662.5,-16.64580725907384
FTAI,2022-01-01,2022-03-01,25.77,20.55,388,-2025.3599999999997,-20.256111757857976
IESC,2022-02-01,2022-03-01,48.09,42.19,207,-1221.300000000001,-12.26866292368477
PACB,2020-11-01,2022-04-01,13.61,9.46,734,-3046.099999999999,-30.492285084496686
ALGN,2021-02-01,2022-04-01,527.16,449.47,18,-1398.419999999999,-14.737461112375739
DMRC,2021-11-01,2022-04-01,52.29,26.48,191,-4929.71,-49.35934213042646
OCC,2022-02-01,2022-04-01,4.82,4.39,2074,-891.8200000000013,-8.921161825726154
ATEC,2019-07-01,2022-05-01,4.32,11.57,2314,16776.5,167.82407407407405
CROX,2020-11-01,2022-05-01,54.21,67.39,184,2425.12,24.312857406382584
MGNI,2020-12-01,2022-05-01,20.33,10.07,491,-5037.659999999999,-50.467289719626166
AGYS,2021-10-01,2022-05-01,53.16,36.33,188,-3164.0399999999995,-31.659142212189618
MVIS,2022-03-01,2022-05-01,3.68,2.98,2717,-1901.9000000000005,-19.02173913043479
PLUG,2019-11-01,2022-06-01,2.78,18.25,3597,55645.590000000004,556.4748201438849
SAIA,2020-05-01,2022-06-01,91.54,189.81,109,10711.43,107.35197727769278
CLDX,2020-09-01,2022-06-01,11.9,24.76,840,10802.400000000001,108.06722689075632
MSTR,2020-12-01,2022-06-01,30.55,23.31,327,-2367.4800000000005,-23.69885433715222
FCEL,2020-12-01,2022-06-01,309.45,121.31,32,-6020.48,-60.798190337695914
VCEL,2021-04-01,2022-06-01,54.98,26.81,181,-5098.7699999999995,-51.236813386686066
CENX,2021-08-01,2022-06-01,14.08,11.72,710,-1675.5999999999997,-16.761363636363637
AMBA,2021-11-01,2022-06-01,190.77,83.12,52,-5597.8,-56.42920794674215
BLBD,2022-03-01,2022-06-01,21.98,11.84,454,-4603.56,-46.13284804367607
ASML,2020-01-01,2022-07-01,297.78,479.62,33,6000.720000000001,61.0652159312244
INOD,2020-10-01,2022-07-01,2.87,4.77,3484,6619.5999999999985,66.20209059233449
CLNE,2021-01-01,2022-07-01,8.99,4.77,1112,-4692.64,-46.941045606229146
MEOH,2021-10-01,2022-07-01,48.36,37.66,206,-2204.2000000000007,-22.125723738626967
MRVL,2022-01-01,2022-07-01,88.53,43.97,112,-4990.72,-50.333220377273236
SSYS,2022-04-01,2022-07-01,26.07,19.27,383,-2604.4,-26.083621020329883
POET,2022-06-01,2022-07-01,5.64,5.22,1773,-744.6599999999999,-7.4468085106382915
MVIS,2022-06-01,2022-07-01,3.6,4.24,2777,1777.2800000000004,17.777777777777782
TTGT,2020-06-01,2022-08-01,27.8,64.05,359,13013.75,130.39568345323738
AMTX,2020-10-01,2022-08-01,3.38,6.68,2958,9761.4,97.63313609467454
HIMX,2021-02-01,2022-08-01,10.1,7.19,990,-2880.899999999999,-28.811881188118804
CASH,2021-11-01,2022-08-01,58.05,37.23,172,-3581.04,-35.8656330749354
SYPR,2022-03-01,2022-08-01,2.29,1.97,4366,-1397.1200000000003,-13.973799126637553
EYPT,2022-04-01,2022-08-01,12.33,9.95,811,-1930.1800000000007,-19.302514193025143
SVRA,2022-07-01,2022-08-01,1.58,1.67,6329,569.6099999999991,5.696202531645556
FIZZ,2022-07-01,2022-08-01,46.24,50.08,216,829.4399999999991,8.304498269896188
TATT,2022-07-01,2022-08-01,5.78,6.33,1730,951.4999999999997,9.515570934256058
PERI,2019-09-01,2022-09-01,6.55,20.04,1526,20585.739999999998,205.95419847328245
SYNA,2020-08-01,2022-09-01,81.99,113.92,121,3863.5300000000007,38.94377363093062
CAMT,2020-08-01,2022-09-01,15.35,26.7,651,7388.849999999999,73.94136807817588
AVXL,2021-02-01,2022-09-01,6.4,9.31,1562,4545.42,45.46874999999999
AMAT,2021-04-01,2022-09-01,132.93,93.09,75,-2988.0000000000005,-29.970661250282106
SLM,2022-01-01,2022-09-01,19.59,14.69,510,-2499.0,-25.01276161306789
STX,2022-01-01,2022-09-01,115.87,68.05,86,-4112.52,-41.27038922930871
VECO,2022-02-01,2022-09-01,25.94,21.34,385,-1771.0000000000005,-17.733230531996924
DCOM,2022-02-01,2022-09-01,34.69,30.95,288,-1077.1199999999994,-10.781204958201208
OZK,2022-02-01,2022-09-01,46.59,40.29,214,-1348.200000000001,-13.522215067611087
EWBC,2022-02-01,2022-09-01,83.22,72.1,120,-1334.4000000000005,-13.362172554674368
FBNC,2022-02-01,2022-09-01,43.25,36.14,231,-1642.4099999999999,-16.4393063583815
TILE,2022-04-01,2022-09-01,13.54,11.23,738,-1704.779999999999,-17.060561299852285
AMKR,2022-04-01,2022-09-01,22.4,19.57,446,-1262.1799999999992,-12.633928571428566
CG,2022-06-01,2022-09-01,38.26,32.32,261,-1550.3399999999995,-15.525352848928375
SAIA,2022-08-01,2022-09-01,233.38,209.73,42,-993.3000000000002,-10.133687548204652
MEOH,2022-08-01,2022-09-01,38.51,38.26,259,-64.75,-0.6491820306413931
AGYS,2022-08-01,2022-09-01,49.86,50.42,200,112.00000000000045,1.1231448054552784
NVMI,2020-04-01,2022-10-01,32.92,85.22,303,15846.9,158.8699878493317
NVDA,2020-06-01,2022-10-01,8.99,12.24,1112,3614.0,36.15127919911012
AOSL,2020-12-01,2022-10-01,25.68,31.34,389,2201.7400000000002,22.040498442367596
GPRE,2021-03-01,2022-10-01,26.12,27.62,382,573.0,5.7427258805512915
RAIL,2021-06-01,2022-10-01,5.85,3.68,1709,-3708.5299999999993,-37.09401709401708
STRL,2021-12-01,2022-10-01,26.43,20.84,378,-2113.02,-21.150208096859625
PPC,2022-01-01,2022-10-01,19.49,14.43,513,-2595.7799999999993,-25.962031811185216
BKR,2022-03-01,2022-10-01,29.28,20.33,341,-3051.950000000001,-30.566939890710387
CRESY,2022-04-01,2022-10-01,8.22,5.16,1216,-3720.9600000000005,-37.22627737226277
KLAC,2022-05-01,2022-10-01,323.04,300.56,30,-674.4000000000005,-6.958890539871232
NSIT,2022-05-01,2022-10-01,100.6,83.33,99,-1709.7299999999996,-17.166998011928424
AVGO,2022-05-01,2022-10-01,56.91,44.78,175,-2122.749999999999,-21.314356000702862
UFPI,2022-06-01,2022-10-01,76.2,70.48,131,-749.3199999999998,-7.506561679790025
RFIL,2022-06-01,2022-10-01,6.58,5.44,1519,-1731.6599999999996,-17.325227963525837
TTEK,2022-07-01,2022-10-01,27.56,25.17,362,-865.1799999999989,-8.67198838896951
GOOGL,2022-07-01,2022-10-01,113.01,96.3,88,-1470.4800000000007,-14.786302097159554
OCC,2022-07-01,2022-10-01,3.66,3.38,2732,-764.9600000000007,-7.650273224043724
GOOG,2022-07-01,2022-10-01,113.51,96.79,88,-1471.36,-14.729979737468057
SFM,2022-07-01,2022-10-01,25.57,27.54,391,770.2699999999995,7.704341024638239
LINC,2022-08-01,2022-10-01,7.32,5.15,1366,-2964.22,-29.644808743169392
MSFT,2022-09-01,2022-10-01,258.76,233.83,38,-947.3399999999992,-9.6344102643376
VRSK,2022-09-01,2022-10-01,185.83,169.9,53,-844.2900000000004,-8.572351073561856
FIZZ,2022-09-01,2022-10-01,52.3,35.8,191,-3151.5,-31.54875717017208
CPRT,2022-09-01,2022-10-01,29.55,26.87,338,-905.8399999999999,-9.069373942470394
APLD,2021-01-01,2022-11-01,0.23,2.28,43478,89129.9,891.3043478260868
BPOP,2022-02-01,2022-11-01,87.64,70.75,114,-1925.46,-19.27202190780466
MPWR,2022-06-01,2022-11-01,437.24,344.8,22,-2033.6799999999998,-21.141707071631146
MANH,2022-09-01,2022-11-01,138.97,120.44,71,-1315.63,-13.333813053176947
ENTA,2022-09-01,2022-11-01,60.75,45.44,164,-2510.84,-25.20164609053498
TSLA,2020-02-01,2022-12-01,41.21,183.24,242,34371.26,344.64935695219606
III,2021-06-01,2022-12-01,6.06,5.27,1650,-1303.5,-13.036303630363033
ASTH,2021-07-01,2022-12-01,64.5,26.72,155,-5855.900000000001,-58.57364341085272
GSAT,2021-03-01,2023-01-01,25.82,18.37,387,-2883.1499999999996,-28.853601859024014
FTNT,2021-08-01,2023-01-01,55.29,47.48,180,-1405.8000000000004,-14.125519985530843
PCTY,2022-09-01,2023-01-01,234.5,188.46,42,-1933.6799999999996,-19.633262260127925
AAPL,2022-09-01,2023-01-01,157.94,126.37,63,-1988.9099999999996,-19.988603267063443
CYBR,2022-10-01,2023-01-01,149.07,123.55,67,-1709.8399999999997,-17.11947407258335
MMYT,2022-10-01,2023-01-01,30.14,27.37,331,-916.8699999999999,-9.190444591904445
DCOM,2022-10-01,2023-01-01,30.08,31.93,332,614.2000000000005,6.15026595744681
TATT,2022-10-01,2023-01-01,6.01,5.26,1663,-1247.25,-12.479201331114808
AOSL,2022-11-01,2023-01-01,33.4,27.79,299,-1677.3899999999999,-16.796407185628738
AXON,2022-12-01,2023-01-01,185.28,166.2,53,-1011.2400000000007,-10.2979274611399
LWAY,2022-10-01,2023-02-01,5.63,5.34,1776,-515.0400000000001,-5.150976909413851
DXCM,2022-11-01,2023-02-01,114.15,106.09,87,-701.2200000000003,-7.060884800700828
PRTA,2021-03-01,2023-03-01,23.99,54.1,416,12525.760000000002,125.51062942892872
DVAX,2022-03-01,2023-03-01,12.11,10.31,825,-1484.999999999999,-14.863748967795198
CLDX,2022-07-01,2023-03-01,28.24,42.87,354,5179.0199999999995,51.80594900849857
TTEK,2022-11-01,2023-03-01,28.33,27.08,352,-440.0,-4.412283798093897
AMKR,2022-11-01,2023-03-01,20.64,24.56,484,1897.279999999999,18.99224806201549
MMSI,2022-12-01,2023-03-01,71.86,70.02,139,-255.76000000000047,-2.560534372390766
TVTX,2022-12-01,2023-03-01,18.88,21.78,529,1534.100000000001,15.360169491525433
PPC,2022-12-01,2023-03-01,17.88,15.66,559,-1240.9799999999993,-12.416107382550335
ENTA,2023-02-01,2023-03-01,52.03,47.63,192,-844.7999999999997,-8.456659619450313
AOSL,2023-02-01,2023-03-01,34.01,26.08,294,-2331.42,-23.31667156718612
CLFD,2021-02-01,2023-04-01,34.96,44.42,286,2705.5600000000004,27.059496567505725
GOGO,2021-09-01,2023-04-01,13.54,13.86,738,236.1600000000002,2.363367799113747
CYTK,2022-05-01,2023-04-01,35.22,33.9,283,-373.56000000000006,-3.747870528109032
SPSC,2022-08-01,2023-04-01,123.63,148.22,80,1967.2000000000003,19.88999433794387
MEOH,2023-01-01,2023-04-01,36.82,45.52,271,2357.7000000000007,23.628462791960892
NEON,2023-02-01,2023-04-01,9.4,7.79,1063,-1711.4300000000003,-17.12765957446809
AVDL,2023-03-01,2023-04-01,9.77,8.95,1023,-838.8600000000002,-8.393039918116685
VSEC,2023-03-01,2023-04-01,56.49,45.29,177,-1982.4000000000005,-19.82651796778191
ATRO,2023-03-01,2023-04-01,15.16,13.26,659,-1252.1000000000001,-12.532981530343012
ENPH,2018-04-01,2023-05-01,4.95,176.61,2020,346753.20000000007,3467.878787878788
CAR,2021-03-01,2023-05-01,47.06,161.34,212,24227.36,242.83892902677434
ISSC,2022-06-01,2023-05-01,8.74,6.24,1144,-2860.0,-28.604118993135007
FIZZ,2022-11-01,2023-05-01,43.24,47.21,231,917.0699999999997,9.18131359851988
SAIA,2023-02-01,2023-05-01,279.46,282.16,35,94.50000000000159,0.9661490016460439
UFPI,2023-02-01,2023-05-01,92.98,78.54,107,-1545.0799999999997,-15.53022155302215
ALNT,2023-02-01,2023-05-01,39.41,34.21,253,-1315.599999999999,-13.194620654656164
SLP,2023-04-01,2023-05-01,43.75,41.4,228,-535.8000000000003,-5.371428571428572
ARCB,2021-06-01,2023-06-01,76.97,85.55,129,1106.8199999999997,11.147200207873187
FWRD,2022-01-01,2023-06-01,120.82,98.08,82,-1864.6799999999996,-18.82138718755173
DLTR,2022-05-01,2023-06-01,167.16,135.24,59,-1883.2799999999993,-19.095477386934668
COST,2022-07-01,2023-06-01,468.38,487.7,21,405.71999999999986,4.124855886246204
RUSHA,2023-01-01,2023-06-01,34.84,35.26,287,120.53999999999846,1.2055109070034264
CRUS,2023-03-01,2023-06-01,101.86,76.81,98,-2454.8999999999996,-24.592578048301583
PODD,2023-04-01,2023-06-01,316.04,266.22,31,-1544.4199999999998,-15.763827363624848
CYTK,2023-05-01,2023-06-01,38.45,38.03,260,-109.20000000000044,-1.092327698309492
CRVL,2021-10-01,2023-07-01,63.37,64.91,157,241.77999999999986,2.4301720056809195
TSEM,2022-03-01,2023-07-01,50.16,37.19,199,-2581.0299999999997,-25.857256778309413
UTHR,2022-06-01,2023-07-01,237.08,217.02,42,-842.5200000000001,-8.461278893200607
OCC,2022-11-01,2023-07-01,3.52,4.03,2840,1448.4000000000005,14.488636363636376
STKL,2023-05-01,2023-07-01,8.19,6.58,1221,-1965.8099999999993,-19.658119658119656
VNOM,2022-02-01,2023-08-01,27.02,27.33,370,114.69999999999953,1.1472982975573531
REGN,2022-06-01,2023-08-01,684.92,743.32,14,817.6000000000013,8.526543245926543
CWST,2022-08-01,2023-08-01,80.0,81.65,125,206.2500000000007,2.0625000000000115
TOUR,2023-02-01,2023-08-01,2.62,1.47,3816,-4388.400000000001,-43.89312977099237
RGLD,2023-04-01,2023-08-01,129.36,118.89,77,-806.190000000001,-8.093692022263465
LWAY,2023-05-01,2023-08-01,6.0,6.09,1666,149.93999999999977,1.4999999999999902
SMMT,2023-07-01,2023-08-01,2.77,2.01,3610,-2743.600000000001,-27.436823104693154
ALNT,2023-07-01,2023-08-01,39.56,39.06,252,-126.0,-1.2639029322548012
TATT,2023-07-01,2023-08-01,7.57,7.34,1321,-303.83000000000055,-3.038309114927351
PTEN,2022-01-01,2023-09-01,8.7,14.18,1149,6296.52,62.988505747126446
NSSC,2022-07-01,2023-09-01,20.93,19.9,477,-491.3100000000005,-4.921165790731019
MMSI,2023-05-01,2023-09-01,80.99,65.74,123,-1875.75,-18.82948512161995
BLBD,2023-06-01,2023-09-01,26.8,21.98,373,-1797.8600000000001,-17.98507462686567
GOGO,2023-06-01,2023-09-01,15.28,10.98,654,-2812.1999999999994,-28.141361256544496
VSA,2023-07-01,2023-09-01,2.34,2.43,4273,384.5700000000013,3.8461538461538547
EYPT,2023-08-01,2023-09-01,11.73,10.04,852,-1439.880000000001,-14.407502131287309
STKL,2023-08-01,2023-09-01,6.47,4.29,1545,-3368.0999999999995,-33.69397217928902
LFMD,2023-08-01,2023-09-01,4.24,3.76,2358,-1131.840000000001,-11.32075471698114
FTNT,2023-08-01,2023-09-01,77.03,60.53,129,-2128.5,-21.42022588601843
PACB,2023-08-01,2023-09-01,13.06,10.79,765,-1736.550000000001,-17.38131699846862
BKR,2022-11-01,2023-10-01,28.25,35.6,353,2594.5500000000006,26.01769911504426
CRESY,2023-01-01,2023-10-01,6.49,6.61,1540,184.80000000000015,1.8489984591679498
AAPL,2023-04-01,2023-10-01,162.92,171.66,61,533.1400000000006,5.364596120795495
AMKR,2023-06-01,2023-10-01,24.91,22.09,401,-1130.8200000000002,-11.32075471698113
INOD,2023-06-01,2023-10-01,10.68,7.99,936,-2517.8399999999997,-25.187265917602996
AMSC,2023-08-01,2023-10-01,11.06,7.46,904,-3254.4000000000005,-32.5497287522604
MPWR,2023-08-01,2023-10-01,535.7,444.2,18,-1647.000000000001,-17.080455478812773
OPCH,2022-02-01,2023-11-01,22.45,27.11,445,2073.7000000000003,20.757238307349656
LNTH,2022-03-01,2023-11-01,44.23,64.37,226,4551.640000000002,45.53470495139047
ATXS,2023-01-01,2023-11-01,15.02,4.42,665,-7049.0,-70.57256990679095
ATEC,2023-03-01,2023-11-01,14.98,9.41,667,-3715.19,-37.18291054739653
DMRC,2023-10-01,2023-11-01,32.64,25.65,306,-2138.9400000000005,-21.415441176470594
RUSHA,2023-10-01,2023-11-01,41.44,34.82,241,-1595.4199999999994,-15.974903474903467
LSCC,2019-03-01,2023-12-01,13.03,58.9,767,35182.29,352.033768227168
ON,2021-10-01,2023-12-01,46.64,71.42,214,5302.92,53.130360205831906
ARLP,2021-10-01,2023-12-01,10.65,21.01,938,9717.68,97.27699530516433
LPLA,2022-02-01,2023-12-01,164.84,222.41,60,3454.2,34.92477553991748
SNEX,2022-07-01,2023-12-01,34.38,39.77,290,1563.1000000000001,15.67771960442117
DGII,2022-07-01,2023-12-01,24.02,24.27,416,104.0,1.0407993338884314
HROW,2022-09-01,2023-12-01,9.23,8.92,1083,-335.73000000000053,-3.358613217768147
NBIX,2022-10-01,2023-12-01,103.06,115.02,97,1160.1199999999994,11.604890355132923
PRTA,2023-06-01,2023-12-01,65.32,32.83,153,-4970.969999999999,-49.73974280465401
UTHR,2023-09-01,2023-12-01,226.69,236.66,44,438.67999999999995,4.398076668578232
REGN,2023-09-01,2023-12-01,839.79,812.12,11,-304.36999999999955,-3.2948713368818328
DVAX,2023-10-01,2023-12-01,14.51,13.55,689,-661.4399999999994,-6.616126809097167
APLD,2023-11-01,2023-12-01,4.69,4.96,2132,575.6399999999991,5.756929637526653
TRI,2022-07-01,2024-01-01,108.67,144.75,92,3319.3599999999997,33.20143553878716
IBKR,2022-11-01,2024-01-01,20.52,20.63,487,53.56999999999972,0.5360623781676344
PRDO,2022-12-01,2024-01-01,14.33,17.61,697,2286.1599999999994,22.889043963712496
CDZI,2023-06-01,2024-01-01,5.28,2.98,1893,-4353.900000000001,-43.56060606060607
OLLI,2023-07-01,2024-01-01,57.65,74.21,173,2864.879999999999,28.725065047701648
ONCY,2023-07-01,2024-01-01,2.71,1.29,3690,-5239.8,-52.398523985239855
TOUR,2023-09-01,2024-01-01,1.3,0.63,7692,-5153.64,-51.53846153846153
VRSK,2023-09-01,2024-01-01,241.64,235.45,41,-253.7899999999999,-2.5616619764939563
EXTR,2021-11-01,2024-02-01,9.82,15.34,1018,5619.36,56.211812627291245
PDFS,2022-08-01,2024-02-01,27.63,32.82,361,1873.5900000000004,18.78393051031488
BBSI,2022-08-01,2024-02-01,20.53,28.51,487,3886.26,38.86994641987336
ENSG,2023-01-01,2024-02-01,95.21,114.97,105,2074.8000000000006,20.754122466127512
ARCB,2023-08-01,2024-02-01,122.01,122.27,81,21.059999999999263,0.2130972871076109
UFPI,2023-10-01,2024-02-01,102.03,114.79,98,1250.4800000000005,12.506125649318832
NSSC,2023-12-01,2024-02-01,30.85,35.98,324,1662.1199999999985,16.62884927066448
LINC,2023-12-01,2024-02-01,9.36,9.17,1068,-202.91999999999948,-2.0299145299145227
FSLR,2022-09-01,2024-03-01,125.06,148.23,79,1830.429999999999,18.527106988645436
PERI,2022-10-01,2024-03-01,19.06,22.98,524,2054.080000000001,20.566631689401895
DXCM,2023-12-01,2024-03-01,118.13,116.59,84,-129.35999999999933,-1.3036485228138384
PACB,2023-12-01,2024-03-01,9.06,5.04,1103,-4434.06,-44.37086092715232
CENX,2024-01-01,2024-03-01,13.48,10.26,741,-2386.0200000000004,-23.887240356083094
CRESY,2024-01-01,2024-03-01,9.5,7.96,1052,-1620.08,-16.210526315789476
AGYS,2022-10-01,2024-04-01,53.16,83.46,188,5696.4,56.997742663656894
SPSC,2023-06-01,2024-04-01,159.68,183.54,62,1479.319999999999,14.942384769539064
ATXS,2023-12-01,2024-04-01,4.68,14.1,2136,20121.12,201.28205128205127
LULU,2023-12-01,2024-04-01,447.02,382.04,22,-1429.559999999999,-14.536262359625962
FIVE,2023-12-01,2024-04-01,195.38,173.23,51,-1129.6500000000003,-11.336881973589929
ZG,2024-01-01,2024-04-01,60.58,47.07,165,-2229.1499999999996,-22.301089468471435
REGN,2024-02-01,2024-04-01,956.42,965.25,10,88.30000000000041,0.9232345622216309
CYTK,2024-02-01,2024-04-01,79.75,71.82,125,-991.2500000000009,-9.943573667711602
ASND,2024-03-01,2024-04-01,155.34,147.58,64,-496.6399999999994,-4.995493755632796
GRPN,2024-03-01,2024-04-01,18.85,12.12,530,-3566.900000000001,-35.7029177718833
STLD,2022-01-01,2024-05-01,62.48,130.07,160,10814.400000000001,108.17861715749038
CRVL,2023-09-01,2024-05-01,70.72,80.1,141,1322.5799999999995,13.26357466063348
WIX,2023-12-01,2024-05-01,103.38,119.27,96,1525.44,15.370477848713481
DMRC,2023-12-01,2024-05-01,33.3,21.5,300,-3539.999999999999,-35.43543543543542
ATEC,2023-12-01,2024-05-01,12.38,12.52,807,112.97999999999902,1.1308562197092087
Z,2024-01-01,2024-05-01,61.37,42.7,162,-3024.539999999999,-30.42203030796805
AMKR,2024-01-01,2024-05-01,34.03,30.01,293,-1177.86,-11.813106082868053
APLD,2024-01-01,2024-05-01,7.37,2.95,1356,-5993.5199999999995,-59.97286295793758
IBKR,2024-03-01,2024-05-01,27.6,29.47,362,676.939999999999,6.775362318840572
OCUL,2024-03-01,2024-05-01,11.05,3.9,904,-6463.6,-64.70588235294117
IPAR,2022-02-01,2024-06-01,96.9,118.7,103,2245.3999999999996,22.497420020639836
RMBS,2022-03-01,2024-06-01,26.74,55.36,373,10675.26,107.03066566940916
CTAS,2022-08-01,2024-06-01,105.33,168.74,94,5960.540000000001,60.20127219215799
LYTS,2022-12-01,2024-06-01,11.84,15.65,844,3215.6400000000003,32.179054054054056
AAON,2022-12-01,2024-06-01,52.02,76.11,192,4625.279999999999,46.30911188004612
AXON,2023-04-01,2024-06-01,219.69,280.27,45,2726.0999999999995,27.575219627657145
MTSI,2023-09-01,2024-06-01,84.38,101.76,118,2050.840000000001,20.597297937899995
MGNX,2023-12-01,2024-06-01,8.09,4.24,1236,-4758.599999999999,-47.58961681087762
TRUE,2024-04-01,2024-06-01,3.34,2.97,2994,-1107.779999999999,-11.077844311377238
MYRG,2021-06-01,2024-07-01,86.97,134.53,114,5421.84,54.68552374381972
MTRX,2023-10-01,2024-07-01,11.57,9.62,864,-1684.8000000000009,-16.85393258426967
CROX,2023-11-01,2024-07-01,88.18,147.64,113,6718.979999999998,67.43025629394417
LRMR,2024-01-01,2024-07-01,4.58,6.93,2183,5130.049999999999,51.31004366812226
LOGI,2024-03-01,2024-07-01,89.48,95.66,111,685.9799999999992,6.906571300849351
ALTS,2024-05-01,2024-07-01,4.41,2.11,2267,-5214.1,-52.15419501133787
WLDN,2024-05-01,2024-07-01,28.53,27.91,350,-217.00000000000034,-2.1731510690501277
EHTH,2024-06-01,2024-07-01,5.89,4.48,1697,-2392.7699999999986,-23.938879456706275
ATRO,2023-05-01,2024-08-01,14.92,22.52,670,5092.0,50.93833780160857
MELI,2023-11-01,2024-08-01,1228.05,1616.43,8,3107.040000000001,31.62574813729084
SHOP,2023-12-01,2024-08-01,75.0,58.04,133,-2255.6800000000003,-22.61333333333333
ASML,2024-03-01,2024-08-01,960.1,850.35,10,-1097.5,-11.43110092698677
CENX,2024-04-01,2024-08-01,15.2,13.55,657,-1084.049999999999,-10.855263157894724
TREE,2024-05-01,2024-08-01,42.71,52.14,234,2206.62,22.079138375087794
APLD,2024-06-01,2024-08-01,4.57,3.89,2188,-1487.8400000000004,-14.879649890590807
CPRT,2023-06-01,2024-09-01,44.75,53.14,223,1870.97,18.748603351955317
SAIA,2023-08-01,2024-09-01,430.71,381.92,23,-1122.1699999999992,-11.32780757354135
NSSC,2024-06-01,2024-09-01,51.73,46.49,193,-1011.319999999999,-10.129518654552472
OCUL,2024-06-01,2024-09-01,5.81,9.14,1721,5730.930000000001,57.31497418244409
LNTH,2024-08-01,2024-09-01,104.56,109.5,95,469.2999999999998,4.724560061208871
OMER,2024-08-01,2024-09-01,5.38,4.13,1858,-2322.5,-23.234200743494426
LRMR,2024-08-01,2024-09-01,8.4,8.06,1190,-404.59999999999985,-4.047619047619044
NSIT,2023-03-01,2024-10-01,133.99,213.59,74,5890.4,59.40741846406448
ARDX,2023-03-01,2024-10-01,2.86,6.55,3496,12900.24,129.02097902097904
AVDL,2023-05-01,2024-10-01,10.74,12.67,931,1796.8299999999997,17.970204841713212
TBCH,2024-04-01,2024-10-01,18.75,15.12,533,-1934.7900000000004,-19.36
VCEL,2024-04-01,2024-10-01,51.9,42.77,192,-1752.9599999999991,-17.591522157996142
KALV,2024-05-01,2024-10-01,11.03,10.9,906,-117.77999999999909,-1.1786038077969074
WING,2023-05-01,2024-11-01,202.22,310.15,49,5288.569999999999,53.37256453367618
MANH,2023-06-01,2024-11-01,181.07,260.64,55,4376.349999999999,43.94433092174297
EYPT,2024-01-01,2024-11-01,23.48,11.52,425,-5083.0,-50.93696763202726
LRCX,2024-01-01,2024-11-01,79.82,76.07,125,-468.75,-4.6980706589827115
OLLI,2024-07-01,2024-11-01,101.91,90.13,98,-1154.44,-11.559218918653713
CRVL,2024-08-01,2024-11-01,105.13,99.39,95,-545.2999999999995,-5.459906782079327
NVAX,2024-10-01,2024-11-01,12.58,9.39,794,-2532.8599999999997,-25.35771065182829
SLM,2024-10-01,2024-11-01,22.53,21.81,443,-318.96000000000106,-3.1957390146471476
KLAC,2022-12-01,2024-12-01,384.15,628.82,26,6361.420000000002,63.69126643238321
SVRA,2023-02-01,2024-12-01,2.77,3.23,3610,1660.6,16.60649819494584
BLBD,2023-12-01,2024-12-01,18.73,40.55,533,11630.059999999998,116.49759743726639
AMD,2024-01-01,2024-12-01,146.23,136.28,68,-676.5999999999992,-6.80434931272652
AMAT,2024-03-01,2024-12-01,206.78,169.58,48,-1785.5999999999995,-17.99013444240255
NGNE,2024-04-01,2024-12-01,52.47,14.19,190,-7273.2,-72.9559748427673
NVMI,2024-05-01,2024-12-01,169.3,171.57,59,133.92999999999893,1.3408151210868136
MPWR,2024-05-01,2024-12-01,657.86,558.08,15,-1496.6999999999996,-15.167360836652167
SOXX,2024-05-01,2024-12-01,210.2,213.04,47,133.48000000000016,1.3510941960038103
VECO,2024-06-01,2024-12-01,41.56,27.17,240,-3453.6000000000004,-34.62463907603465
GRPN,2024-06-01,2024-12-01,15.87,8.86,630,-4416.3,-44.17139256458727
GOOGL,2024-07-01,2024-12-01,184.05,166.24,54,-961.7400000000001,-9.676718283075248
GOOG,2024-07-01,2024-12-01,185.38,167.81,53,-931.2099999999996,-9.477829323551623
APLD,2024-10-01,2024-12-01,8.29,10.41,1206,2556.720000000001,25.572979493365523
INSG,2024-10-01,2024-12-01,17.06,10.94,586,-3586.3199999999997,-35.87338804220398
DMRC,2024-11-01,2024-12-01,32.42,33.31,308,274.1200000000002,2.7452190006169053
MRVL,2024-11-01,2024-12-01,83.62,91.82,119,975.7999999999986,9.806266443434563
PANW,2021-09-01,2025-01-01,79.16,182.31,126,12996.900000000001,130.30570995452248
SMCI,2022-05-01,2025-01-01,4.44,30.39,2252,58439.4,584.4594594594594
LFMD,2023-10-01,2025-01-01,5.55,4.92,1801,-1134.6299999999999,-11.351351351351347
STX,2024-07-01,2025-01-01,103.35,84.65,96,-1795.199999999999,-18.093855829704875
IBRX,2024-09-01,2025-01-01,4.12,2.55,2427,-3810.390000000001,-38.10679611650486
GLDD,2024-10-01,2025-01-01,10.84,11.23,922,359.5800000000005,3.59778597785978
SAIA,2024-12-01,2025-01-01,557.17,453.42,17,-1763.749999999999,-18.62088770034279
HROW,2024-09-01,2025-02-01,42.04,31.71,237,-2448.2099999999996,-24.571836346336816
DCOM,2024-12-01,2025-02-01,36.32,31.03,275,-1454.7499999999998,-14.564977973568283
AGYS,2024-12-01,2025-02-01,137.09,82.16,72,-3954.9600000000005,-40.068568093952884
QMCO,2025-01-01,2025-02-01,67.86,26.29,147,-6110.79,-61.25847332743884
SSSS,2025-01-01,2025-02-01,5.86,5.5,1706,-614.1600000000005,-6.1433447098976135
GRPN,2025-01-01,2025-02-01,11.71,10.36,853,-1151.5500000000013,-11.528608027327081
CAMT,2023-08-01,2025-03-01,47.48,74.08,210,5586.0,56.02358887952823
FRPT,2024-02-01,2025-03-01,88.18,101.53,113,1508.5499999999993,15.139487412111574
VRNS,2024-02-01,2025-03-01,45.52,42.87,219,-580.3500000000013,-5.8216168717047605
WLDN,2024-08-01,2025-03-01,33.43,32.0,299,-427.56999999999994,-4.27759497457374
CRNT,2024-12-01,2025-03-01,4.31,2.62,2320,-3920.799999999999,-39.21113689095127
TRUP,2024-12-01,2025-03-01,53.47,31.59,187,-4091.56,-40.92014213577707
GSAT,2025-01-01,2025-03-01,30.91,20.75,323,-3281.68,-32.869621481721126
OLLI,2025-01-01,2025-03-01,115.83,99.66,86,-1390.6200000000001,-13.960113960113961
WING,2025-02-01,2025-03-01,302.26,217.48,33,-2797.7400000000002,-28.048699794878583
MTRX,2024-10-01,2025-04-01,11.62,12.58,860,825.6000000000007,8.261617900172125
MTSI,2024-11-01,2025-04-01,116.91,102.33,85,-1239.3,-12.471131639722866
LAKE,2024-12-01,2025-04-01,22.4,20.2,446,-981.1999999999997,-9.82142857142857
MRVL,2025-01-01,2025-04-01,112.35,63.99,89,-4304.039999999999,-43.04405874499332
HIMX,2025-03-01,2025-04-01,10.39,7.44,962,-2837.9,-28.39268527430221
CECO,2022-09-01,2025-05-01,10.21,21.91,979,11454.3,114.59353574926543
PRDO,2024-08-01,2025-05-01,25.2,24.8,396,-158.39999999999944,-1.5873015873015817
VNOM,2024-11-01,2025-05-01,52.12,42.19,191,-1896.6299999999999,-19.05218726016884
IBRX,2025-03-01,2025-05-01,3.16,2.52,3164,-2024.9600000000005,-20.253164556962034
RFIL,2025-04-01,2025-05-01,4.91,3.88,2036,-2097.0800000000004,-20.977596741344197
AAOI,2023-08-01,2025-06-01,6.54,16.75,1529,15611.090000000002,156.11620795107032
LWAY,2023-09-01,2025-06-01,11.49,21.99,870,9134.999999999998,91.38381201044385
AMZN,2024-06-01,2025-06-01,178.68,202.87,55,1330.4499999999998,13.538168793373618
AVXL,2025-05-01,2025-06-01,9.59,7.37,1042,-2313.24,-23.14911366006256
WIX,2024-06-01,2025-07-01,174.28,160.9,57,-762.6599999999997,-7.677300895111316
AAON,2024-08-01,2025-07-01,86.06,73.1,116,-1503.360000000001,-15.059260980711143
TREE,2024-09-01,2025-07-01,60.24,37.11,166,-3839.5800000000004,-38.396414342629484
CENX,2024-11-01,2025-07-01,17.73,17.47,564,-146.6400000000009,-1.4664410603496991
OMER,2025-01-01,2025-07-01,10.75,3.09,930,-7123.8,-71.25581395348837
CRVL,2025-04-01,2025-07-01,113.42,102.45,88,-965.3599999999999,-9.672015517545407
APLD,2025-06-01,2025-07-01,7.6,9.6,1315,2630.0,26.315789473684205
QMCO,2025-06-01,2025-07-01,12.97,8.64,771,-3338.43,-33.384734001542014
ISRG,2024-02-01,2025-08-01,381.92,485.08,26,2682.159999999999,27.01089233347298
CDNA,2024-09-01,2025-08-01,31.98,11.38,312,-6427.200000000001,-64.41525953721076
EWBC,2024-11-01,2025-08-01,99.23,100.75,100,151.9999999999996,1.5317948201148734
MELI,2025-03-01,2025-08-01,2196.99,2372.28,4,701.1600000000017,7.978643507708294
SMCI,2025-03-01,2025-08-01,50.75,58.79,197,1583.8799999999999,15.842364532019705
MASI,2025-04-01,2025-08-01,166.59,157.53,60,-543.6000000000001,-5.438501710786959
ASND,2025-05-01,2025-08-01,168.74,167.36,59,-81.41999999999973,-0.817826241555053
VKTX,2023-01-01,2025-09-01,10.12,22.54,988,12270.96,122.72727272727275
SLNO,2023-10-01,2025-09-01,23.28,64.73,429,17782.050000000003,178.04982817869416
CTAS,2024-08-01,2025-09-01,193.28,209.12,51,807.8400000000001,8.195364238410608
COST,2024-09-01,2025-09-01,896.36,941.17,11,492.9099999999994,4.999107501450295
TARA,2025-01-01,2025-09-01,5.09,3.12,1964,-3869.0799999999995,-38.7033398821218
OCUL,2025-02-01,2025-09-01,7.79,12.17,1283,5619.54,56.22593068035944
FTNT,2025-03-01,2025-09-01,109.18,78.55,91,-2787.330000000001,-28.054588752518782
LFMD,2025-06-01,2025-09-01,12.3,6.21,813,-4951.170000000001,-49.51219512195122
GRPN,2025-06-01,2025-09-01,28.83,25.41,346,-1183.3199999999993,-11.862643080124869
LPLA,2025-07-01,2025-09-01,365.9,363.95,27,-52.64999999999969,-0.5329324952172643
GOGO,2025-07-01,2025-09-01,15.26,10.83,655,-2901.6499999999996,-29.03014416775884
GLDD,2025-07-01,2025-09-01,12.2,11.88,819,-262.0799999999988,-2.6229508196721207
CLFD,2025-08-01,2025-09-01,43.79,32.4,228,-2596.92,-26.01050468143412
PATK,2023-08-01,2025-10-01,56.97,101.96,175,7873.249999999999,78.97138845006143
MMYT,2023-09-01,2025-10-01,39.37,94.13,254,13909.039999999999,139.0906781813564
ARQ,2024-04-01,2025-10-01,7.01,7.17,1426,228.1600000000002,2.2824536376604865
ALTS,2024-11-01,2025-10-01,2.62,2.73,3816,419.75999999999954,4.198473282442738
SLM,2025-02-01,2025-10-01,28.88,27.86,346,-352.91999999999985,-3.5318559556786644
LWAY,2025-07-01,2025-10-01,24.48,24.93,408,183.5999999999997,1.8382352941176405
SFM,2022-11-01,2025-11-01,28.81,91.13,347,21625.039999999997,216.3137799375217
SKYW,2023-09-01,2025-11-01,43.37,98.01,230,12567.200000000003,125.98570440396588
PPC,2024-05-01,2025-11-01,27.58,38.0,362,3772.0400000000004,37.781000725163175
BBSI,2024-12-01,2025-11-01,42.88,40.44,233,-568.5200000000011,-5.690298507462699
NEON,2025-02-01,2025-11-01,8.66,3.05,1154,-6473.9400000000005,-64.78060046189377
CASH,2025-05-01,2025-11-01,82.01,67.8,121,-1719.410000000001,-17.327155224972568
IDN,2025-06-01,2025-11-01,5.25,4.6,1904,-1237.6000000000006,-12.380952380952392
ISSC,2025-07-01,2025-11-01,13.79,9.35,725,-3218.9999999999995,-32.19724437998549
RGLD,2025-09-01,2025-11-01,177.9,172.12,56,-323.68000000000006,-3.249016301292862
TREE,2025-09-01,2025-11-01,69.78,63.15,143,-948.0900000000004,-9.501289767841792
ADMA,2022-09-01,2025-11-21,2.75,16.56,3636,50213.159999999996,502.18181818181813
STRL,2022-11-01,2025-11-21,28.11,311.92,355,100752.55,1009.6406972607614
FLEX,2022-11-01,2025-11-21,14.87,55.85,672,27538.56,275.5884330867519
AVGO,2023-01-01,2025-11-21,55.08,342.3,181,51986.82000000001,521.4596949891069
FTAI,2023-04-01,2025-11-21,26.68,156.88,374,48694.799999999996,488.0059970014992
NVDA,2023-04-01,2025-11-21,27.75,181.12,360,55213.200000000004,552.6846846846847
MAMA,2023-06-01,2025-11-21,2.49,10.04,4016,30320.799999999996,303.2128514056224
IDCC,2023-06-01,2025-11-21,83.46,323.71,119,28589.75,287.86244907740235
RDNT,2023-06-01,2025-11-21,29.29,79.06,341,16971.57,169.9214749061113
META,2023-09-01,2025-11-21,293.53,589.31,34,10056.519999999999,100.76653152999695
IESC,2023-09-01,2025-11-21,75.46,356.54,132,37102.560000000005,372.48873575404195
TATT,2023-09-01,2025-11-21,8.2,38.97,1219,37508.63,375.24390243902445
VSEC,2023-11-01,2025-11-21,53.41,164.4,187,20755.13,207.80752668039696
MSTR,2023-11-01,2025-11-21,44.39,174.6,225,29297.249999999996,293.3318314935796
SMMT,2023-11-01,2025-11-21,1.93,16.67,5181,76367.94000000002,763.7305699481866
NFLX,2023-11-01,2025-11-21,42.54,109.43,235,15719.150000000003,157.24024447578753
AMSC,2023-12-01,2025-11-21,9.46,25.84,1057,17313.66,173.15010570824523
FEIM,2023-12-01,2025-11-21,9.26,26.15,1079,18224.31,182.3974082073434
TQQQ,2024-01-01,2025-11-21,25.93,48.04,385,8512.35,85.26802930967992
CYBR,2024-02-01,2025-11-21,237.02,457.35,42,9253.86,92.95840013500971
INOD,2024-02-01,2025-11-21,11.37,51.98,879,35696.19,357.1679859278804
SMH,2024-03-01,2025-11-21,213.66,330.0,46,5351.64,54.45099691098005
NTRA,2024-04-01,2025-11-21,92.15,222.38,108,14064.839999999998,141.3239283776451
LINC,2024-05-01,2025-11-21,10.48,21.32,954,10341.36,103.43511450381678
COHR,2024-07-01,2025-11-21,72.64,140.63,137,9314.63,93.59856828193831
TILE,2024-09-01,2025-11-21,18.96,25.93,527,3673.1899999999996,36.76160337552741
SHOP,2024-09-01,2025-11-21,74.81,141.41,133,8857.8,89.02553134607672
RAIL,2024-09-01,2025-11-21,7.59,7.57,1317,-26.33999999999944,-0.26350461133068936
CRMD,2024-10-01,2025-11-21,8.18,9.9,1222,2101.8400000000006,21.02689486552569
APEI,2024-10-01,2025-11-21,14.49,35.48,690,14483.099999999997,144.85852311939266
IBKR,2024-11-01,2025-11-21,38.1,61.83,262,6217.259999999999,62.283464566929126
AXON,2024-11-01,2025-11-21,436.54,502.05,22,1441.2199999999998,15.006643148394193
SNEX,2024-12-01,2025-11-21,69.92,86.1,143,2313.739999999999,23.140732265446218
AXGN,2025-01-01,2025-11-21,16.94,25.37,590,4973.7,49.76387249114522
NVMI,2025-02-01,2025-11-21,243.64,274.48,41,1264.4400000000014,12.658020029551809
VNET,2025-02-01,2025-11-21,7.59,8.21,1317,816.5400000000013,8.168642951251659
RIGL,2025-02-01,2025-11-21,23.52,46.26,425,9664.5,96.68367346938776
LGND,2025-02-01,2025-11-21,120.01,204.46,83,7009.35,70.36913590534122
HROW,2025-03-01,2025-11-21,27.35,40.3,365,4726.749999999998,47.349177330895785
INSG,2025-03-01,2025-11-21,10.65,9.66,938,-928.6200000000002,-9.295774647887322
COMM,2025-03-01,2025-11-21,5.87,17.04,1703,19022.51,190.28960817717203
MGNI,2025-03-01,2025-11-21,16.12,12.95,620,-1965.400000000001,-19.665012406947902
XNET,2025-03-01,2025-11-21,3.37,6.8,2967,10176.81,101.78041543026706
TVTX,2025-04-01,2025-11-21,19.34,35.52,517,8365.060000000001,83.66080661840746
WLDN,2025-04-01,2025-11-21,41.47,96.12,241,13170.650000000001,131.78201109235596
BLBD,2025-05-01,2025-11-21,35.66,51.54,280,4446.400000000001,44.53168816601234
POET,2025-06-01,2025-11-21,4.42,3.93,2262,-1108.3799999999994,-11.085972850678727
PRDO,2025-06-01,2025-11-21,32.78,29.57,305,-979.0500000000003,-9.79255643685174
PODD,2025-06-01,2025-11-21,326.03,333.91,30,236.40000000000157,2.416955494893114
ATRO,2025-06-01,2025-11-21,31.48,49.29,317,5645.7699999999995,56.57560355781448
RFIL,2025-06-01,2025-11-21,4.38,5.79,2283,3219.03,32.1917808219178
TRUP,2025-07-01,2025-11-21,56.69,35.34,176,-3757.599999999999,-37.66096313282765
STX,2025-07-01,2025-11-21,144.42,249.01,69,7216.71,72.4207173521673
OLLI,2025-07-01,2025-11-21,135.57,122.62,73,-945.3499999999992,-9.552260824666215
SSSS,2025-07-01,2025-11-21,8.27,9.08,1209,979.2900000000006,9.794437726723103
NVAX,2025-08-01,2025-11-21,7.0,6.31,1428,-985.3200000000005,-9.857142857142865
APLD,2025-08-01,2025-11-21,11.64,20.08,859,7249.959999999998,72.50859106529208
OCC,2025-08-01,2025-11-21,4.55,6.46,2197,4196.27,41.978021978021985
CENX,2025-08-01,2025-11-21,22.26,27.14,449,2191.1199999999994,21.922731356693625
AVXL,2025-08-01,2025-11-21,11.71,2.78,853,-7617.290000000001,-76.25960717335612
CECO,2025-08-01,2025-11-21,43.28,48.41,231,1185.0299999999988,11.853049907578539
TSEM,2025-09-01,2025-11-21,60.84,99.59,164,6355.0,63.69165023011176
SSRM,2025-09-01,2025-11-21,18.64,20.95,536,1238.1599999999994,12.392703862660937
PGEN,2025-09-01,2025-11-21,4.92,4.37,2032,-1117.5999999999997,-11.178861788617878
AUPH,2025-09-01,2025-11-21,12.2,15.71,819,2874.6900000000014,28.77049180327871
TSLA,2025-10-01,2025-11-21,451.86,388.61,22,-1391.5,-13.997698402159964
EXTR,2025-10-01,2025-11-21,20.49,17.03,488,-1688.4799999999987,-16.886285993167384
AAOI,2025-10-01,2025-11-21,26.51,18.33,377,-3083.860000000001,-30.856280648811783
UTHR,2025-10-01,2025-11-21,436.16,480.35,22,972.18,10.131603081438012
GSAT,2025-10-01,2025-11-21,37.65,62.32,265,6537.55,65.52456839309431
CDZI,2025-10-01,2025-11-21,4.73,5.79,2114,2240.8399999999992,22.410147991543326
AMBA,2025-10-01,2025-11-21,85.17,86.19,117,119.33999999999953,1.197604790419149
GRPN,2025-10-01,2025-11-21,22.85,16.09,437,-2954.120000000001,-29.584245076586434
HIMX,2025-11-01,2025-11-21,9.4,6.81,1063,-2753.170000000001,-27.553191489361705
VICR,2025-11-01,2025-11-21,99.63,84.68,100,-1494.9999999999989,-15.005520425574614
OMER,2025-11-01,2025-11-21,7.64,8.66,1308,1334.1600000000005,13.350785340314154
RUN,2025-11-01,2025-11-21,20.09,18.24,497,-919.4500000000007,-9.208561473369848
RMBS,2025-11-01,2025-11-21,108.76,86.42,91,-2032.9400000000003,-20.540639941154836
OCUL,2025-11-01,2025-11-21,11.56,12.1,865,467.0999999999993,4.671280276816603
ALNT,2025-11-01,2025-11-21,55.76,50.0,179,-1031.0399999999997,-10.329985652797703
