symbol,entry_date,exit_date,entry_price,exit_price,shares,pnl,pnl_pct,exit_reason
PDFS,2017-04-01,2017-05-01,22.62,17.58,442,-2227.680000000001,-22.28116710875333,momentum_exit
SSRM,2017-04-01,2017-05-01,10.61,10.12,942,-461.5800000000002,-4.618284637134784,momentum_exit
ARLP,2017-04-01,2017-05-01,21.65,23.1,461,668.4500000000013,6.6974595842956175,momentum_exit
BKR,2017-04-01,2017-05-01,42.32,42.21,236,-25.959999999999866,-0.25992438563327,momentum_exit
BOOM,2017-04-01,2017-05-01,12.4,14.45,806,1652.299999999999,16.532258064516125,momentum_exit
LFMD,2017-04-01,2017-05-01,2.49,2.1,4016,-1566.2400000000005,-15.662650602409645,momentum_exit
CECO,2017-04-01,2017-06-01,10.51,9.49,951,-970.0199999999996,-9.705042816365362,momentum_exit
SKYW,2017-04-01,2017-06-01,34.25,35.05,291,232.79999999999916,2.335766423357666,momentum_exit
SMMT,2017-04-01,2017-06-01,13.28,10.53,753,-2070.75,-20.707831325301207,momentum_exit
WING,2017-04-01,2017-06-01,13.06,13.66,765,458.9999999999997,4.594180704441042,momentum_exit
VRNS,2017-04-01,2017-06-01,10.6,12.08,943,1395.6400000000003,13.962264150943394,momentum_exit
SLM,2017-04-01,2017-06-01,12.1,10.32,826,-1470.2799999999995,-14.710743801652892,momentum_exit
BBSI,2017-04-01,2017-06-01,13.66,14.46,732,585.6000000000005,5.856515373352855,momentum_exit
NSSC,2017-05-01,2017-06-01,5.25,4.78,1904,-894.8799999999995,-8.952380952380945,momentum_exit
CRESY,2017-04-01,2017-07-01,18.19,17.62,549,-312.9300000000002,-3.133589884551957,momentum_exit
CYTK,2017-04-01,2017-07-01,12.85,12.1,778,-583.5,-5.836575875486383,momentum_exit
CRNT,2017-04-01,2017-07-01,3.27,2.55,3058,-2201.7600000000007,-22.018348623853214,momentum_exit
NSIT,2017-05-01,2017-07-01,42.28,39.99,236,-540.4399999999998,-5.416272469252603,momentum_exit
TER,2017-05-01,2017-07-01,35.78,30.03,279,-1604.25,-16.070430408049184,momentum_exit
TATT,2017-06-01,2017-07-01,12.2,10.2,819,-1638.0,-16.393442622950815,momentum_exit
LFMD,2017-06-01,2017-07-01,1.8,1.5,5555,-1666.5000000000002,-16.666666666666675,momentum_exit
EXPI,2017-04-01,2017-08-01,1.83,1.64,5464,-1038.160000000001,-10.382513661202196,momentum_exit
FATE,2017-04-01,2017-08-01,4.55,2.72,2197,-4020.5099999999993,-40.21978021978021,momentum_exit
IDXX,2017-04-01,2017-08-01,154.61,154.68,64,4.479999999999563,0.04527520858934597,momentum_exit
AMKR,2017-04-01,2017-08-01,11.18,9.08,894,-1877.3999999999996,-18.783542039355993,momentum_exit
PRDO,2017-04-01,2017-08-01,8.7,8.32,1149,-436.61999999999887,-4.367816091954014,momentum_exit
CASH,2017-04-01,2017-08-01,29.5,23.55,338,-2011.0999999999997,-20.169491525423723,momentum_exit
STX,2017-05-01,2017-08-01,42.18,33.37,237,-2087.9700000000007,-20.88667614983405,momentum_exit
CRUS,2017-05-01,2017-08-01,65.18,63.08,153,-321.3000000000013,-3.2218471923903147,momentum_exit
MRVL,2017-06-01,2017-08-01,17.78,15.77,562,-1129.6200000000008,-11.304836895388082,momentum_exit
CDZI,2017-04-01,2017-09-01,15.05,9.7,664,-3552.400000000001,-35.54817275747509,momentum_exit
VSA,2017-04-01,2017-09-01,92.6,71.35,107,-2273.75,-22.948164146868255,momentum_exit
MELI,2017-04-01,2017-09-01,211.47,251.91,47,1900.6799999999998,19.12327989785785,momentum_exit
NGNE,2017-05-01,2017-09-01,295.0,293.4,33,-52.80000000000075,-0.5423728813559348,momentum_exit
VECO,2017-05-01,2017-09-01,34.15,19.4,292,-4307.0,-43.1918008784773,momentum_exit
QMCO,2017-05-01,2017-09-01,164.0,111.2,60,-3168.0,-32.195121951219505,momentum_exit
STKL,2017-06-01,2017-09-01,9.45,8.6,1058,-899.2999999999996,-8.994708994708988,momentum_exit
OCUL,2017-07-01,2017-09-01,9.27,6.46,1078,-3029.1799999999994,-30.312837108953616,momentum_exit
GSAT,2017-07-01,2017-09-01,31.95,30.0,312,-608.3999999999997,-6.103286384976525,momentum_exit
ANGI,2017-07-01,2017-09-01,127.9,119.7,78,-639.6000000000003,-6.411258795934327,momentum_exit
STAA,2017-07-01,2017-09-01,10.8,12.0,925,1109.9999999999993,11.111111111111093,momentum_exit
ISSC,2017-07-01,2017-09-01,3.25,2.37,3076,-2706.8799999999997,-27.076923076923077,momentum_exit
MMYT,2017-04-01,2017-10-01,34.6,28.75,289,-1690.6500000000003,-16.907514450867055,momentum_exit
LINC,2017-06-01,2017-10-01,3.44,2.5,2906,-2731.64,-27.32558139534884,momentum_exit
SYPR,2017-07-01,2017-10-01,1.65,1.44,6060,-1272.5999999999997,-12.72727272727272,momentum_exit
SMMT,2017-08-01,2017-10-01,13.92,12.55,718,-983.6599999999994,-9.841954022988498,momentum_exit
FATE,2017-09-01,2017-10-01,3.87,3.96,2583,232.46999999999963,2.3255813953488413,momentum_exit
MEOH,2017-09-01,2017-10-01,51.85,50.3,192,-297.6000000000008,-2.989392478302799,momentum_exit
TVTX,2017-09-01,2017-10-01,24.63,24.89,406,105.56000000000063,1.055623223710933,momentum_exit
AVXL,2017-09-01,2017-10-01,4.72,4.14,2118,-1228.44,-12.288135593220339,momentum_exit
LOGI,2017-04-01,2017-11-01,31.87,35.98,313,1286.4299999999987,12.896140571069958,momentum_exit
KRNT,2017-04-01,2017-11-01,19.1,15.55,523,-1856.6500000000003,-18.586387434554975,momentum_exit
IDN,2017-06-01,2017-11-01,4.2,2.19,2380,-4783.8,-47.85714285714286,momentum_exit
EWBC,2017-07-01,2017-11-01,58.58,59.73,170,195.49999999999977,1.963127347217486,momentum_exit
SLM,2017-07-01,2017-11-01,11.5,10.48,869,-886.3799999999997,-8.869565217391296,momentum_exit
ARQ,2017-08-01,2017-11-01,11.21,11.8,892,526.2799999999999,5.263157894736836,momentum_exit
LFMD,2017-09-01,2017-11-01,1.88,2.05,5319,904.2299999999997,9.042553191489366,momentum_exit
CENX,2017-04-01,2017-12-01,12.69,13.38,788,543.720000000001,5.437352245862903,momentum_exit
WLDN,2017-04-01,2017-12-01,32.26,25.17,309,-2190.809999999999,-21.97768133911965,momentum_exit
MASI,2017-04-01,2017-12-01,93.26,88.88,107,-468.66000000000105,-4.696547287154207,momentum_exit
WIX,2017-04-01,2017-12-01,67.9,53.7,147,-2087.4000000000005,-20.91310751104566,momentum_exit
AMD,2017-04-01,2017-12-01,14.55,10.73,687,-2624.34,-26.254295532646044,momentum_exit
TRUE,2017-04-01,2017-12-01,15.47,12.07,646,-2196.4,-21.978021978021978,momentum_exit
LITS,2017-07-01,2017-12-01,46.05,43.45,217,-564.1999999999988,-5.646036916395214,momentum_exit
LPLA,2017-07-01,2017-12-01,42.46,52.94,235,2462.7999999999993,24.682053697597727,momentum_exit
MVIS,2017-09-01,2017-12-01,2.3,1.63,4347,-2912.49,-29.130434782608695,momentum_exit
ARCB,2017-09-01,2017-12-01,30.05,36.9,332,2274.1999999999994,22.795341098169718,momentum_exit
CDZI,2017-10-01,2017-12-01,12.7,13.6,787,708.3000000000003,7.086614173228356,momentum_exit
SKYW,2017-10-01,2017-12-01,43.9,50.8,227,1566.2999999999997,15.717539863325737,momentum_exit
VSEC,2017-10-01,2017-12-01,56.86,47.37,175,-1660.7500000000005,-16.69011607456912,momentum_exit
FATE,2017-11-01,2017-12-01,4.69,4.39,2132,-639.6000000000015,-6.396588486140741,momentum_exit
BOOM,2017-11-01,2017-12-01,21.55,20.9,464,-301.600000000001,-3.0162412993039567,momentum_exit
FOXF,2017-04-01,2018-01-01,28.7,38.85,348,3532.2000000000007,35.365853658536594,momentum_exit
VICR,2017-05-01,2018-01-01,17.95,20.9,557,1643.1499999999996,16.434540389972142,momentum_exit
FBNC,2017-07-01,2018-01-01,31.26,35.31,319,1291.9500000000003,12.955854126679455,momentum_exit
TSLA,2017-09-01,2018-01-01,23.69,20.76,422,-1236.4599999999998,-12.368087800759808,momentum_exit
CRVL,2017-11-01,2018-01-01,18.78,17.63,532,-611.8000000000011,-6.123535676251346,momentum_exit
GSAT,2017-11-01,2018-01-01,24.9,19.65,401,-2105.25,-21.084337349397586,momentum_exit
AVGO,2017-12-01,2018-01-01,27.16,25.69,368,-540.9599999999996,-5.41237113402061,momentum_exit
COHR,2017-04-01,2018-02-01,36.05,43.68,277,2113.5100000000007,21.165048543689323,momentum_exit
AAOI,2017-04-01,2018-02-01,56.15,33.49,178,-4033.4799999999996,-40.35618878005343,momentum_exit
EHTH,2017-08-01,2018-02-01,17.0,16.61,588,-229.32000000000033,-2.2941176470588243,momentum_exit
SVRA,2017-11-01,2018-02-01,9.23,11.86,1083,2848.289999999999,28.494041170097507,momentum_exit
ENPH,2017-12-01,2018-02-01,2.9,2.17,3448,-2517.04,-25.172413793103445,momentum_exit
CENX,2018-01-01,2018-02-01,19.64,22.83,509,1623.709999999999,16.242362525458233,momentum_exit
TSEM,2017-04-01,2018-03-01,23.05,28.4,433,2316.5499999999993,23.21041214750541,momentum_exit
LNTH,2017-04-01,2018-03-01,12.5,14.85,800,1879.9999999999998,18.799999999999994,momentum_exit
RUSHA,2017-04-01,2018-03-01,14.7,18.62,680,2665.6000000000013,26.666666666666682,momentum_exit
AUPH,2017-04-01,2018-03-01,7.34,5.09,1362,-3064.5,-30.65395095367848,momentum_exit
STRL,2017-04-01,2018-03-01,9.25,12.04,1081,3015.989999999999,30.162162162162144,momentum_exit
OMER,2017-07-01,2018-03-01,19.91,9.83,502,-5060.16,-50.62782521346057,momentum_exit
PPC,2017-11-01,2018-03-01,23.19,16.53,431,-2870.46,-28.719275549805946,momentum_exit
HIMX,2017-12-01,2018-03-01,13.41,8.03,745,-4008.1000000000004,-40.1193139448173,momentum_exit
PCTY,2018-02-01,2018-03-01,51.46,46.6,194,-942.8399999999999,-9.444228527011267,momentum_exit
RIGL,2018-02-01,2018-03-01,40.1,37.0,249,-771.9000000000003,-7.730673316708236,momentum_exit
FIZZ,2017-04-01,2018-04-01,30.82,33.81,324,968.7600000000007,9.701492537313449,momentum_exit
SLP,2017-06-01,2018-04-01,12.95,14.75,772,1389.6000000000006,13.899613899613916,momentum_exit
ONCY,2017-10-01,2018-04-01,4.97,4.87,2012,-201.19999999999928,-2.012072434607637,momentum_exit
PLUG,2017-11-01,2018-04-01,2.82,1.89,3546,-3297.7799999999997,-32.97872340425532,momentum_exit
ATXS,2018-03-01,2018-04-01,119.4,108.6,83,-896.400000000001,-9.045226130653273,momentum_exit
MKSI,2017-04-01,2018-05-01,68.75,105.5,145,5328.75,53.454545454545446,momentum_exit
AMAT,2017-04-01,2018-05-01,38.9,50.91,257,3086.5699999999997,30.87403598971723,momentum_exit
NVMI,2017-04-01,2018-05-01,18.59,26.44,537,4215.450000000001,42.22700376546531,momentum_exit
LRCX,2017-05-01,2018-05-01,14.92,19.04,670,2760.3999999999996,27.613941018766752,momentum_exit
TER,2017-08-01,2018-05-01,34.5,33.51,289,-286.1100000000006,-2.869565217391312,momentum_exit
SNBR,2017-11-01,2018-05-01,33.85,28.44,295,-1595.95,-15.982274741506641,momentum_exit
LRMR,2018-02-01,2018-05-01,85.8,81.72,116,-473.2799999999998,-4.7552447552447585,momentum_exit
EXTR,2017-04-01,2018-06-01,7.51,8.88,1331,1823.4700000000014,18.242343541944095,momentum_exit
CAMT,2017-04-01,2018-06-01,3.36,7.96,2976,13689.599999999999,136.9047619047619,momentum_exit
MMSI,2017-05-01,2018-06-01,33.95,52.0,294,5306.699999999999,53.16642120765831,momentum_exit
FRPT,2017-06-01,2018-06-01,16.0,22.35,625,3968.750000000001,39.68750000000001,momentum_exit
MAMA,2017-11-01,2018-06-01,1.22,0.91,8196,-2540.7599999999993,-25.409836065573764,momentum_exit
OPCH,2017-12-01,2018-06-01,10.16,10.44,984,275.51999999999936,2.7559055118110187,momentum_exit
MELI,2017-12-01,2018-06-01,272.91,296.66,36,855.0,8.702502656553435,momentum_exit
FIVE,2018-01-01,2018-06-01,66.32,71.39,150,760.5000000000011,7.644752714113401,momentum_exit
ANGI,2018-02-01,2018-06-01,134.1,152.7,74,1376.3999999999996,13.870246085011173,momentum_exit
EYPT,2018-05-01,2018-06-01,26.9,22.8,371,-1521.0999999999992,-15.241635687732336,momentum_exit
TREE,2017-06-01,2018-07-01,163.4,213.8,61,3074.4000000000005,30.844553243574047,momentum_exit
FSLR,2017-12-01,2018-07-01,60.3,52.66,165,-1260.6000000000001,-12.669983416252073,momentum_exit
CAR,2018-04-01,2018-07-01,36.84,22.5,271,-3886.140000000001,-38.92508143322476,momentum_exit
NVAX,2018-04-01,2018-07-01,42.0,26.8,238,-3617.6,-36.19047619047618,momentum_exit
FCEL,2018-05-01,2018-07-01,691.2,475.2,14,-3024.000000000001,-31.25000000000001,momentum_exit
NVDA,2017-04-01,2018-08-01,2.72,6.16,3676,12645.44,126.47058823529412,momentum_exit
SHOP,2017-04-01,2018-08-01,6.81,13.64,1468,10026.44,100.29368575624082,momentum_exit
SAIA,2017-06-01,2018-08-01,47.05,74.85,212,5893.599999999999,59.086078639744954,momentum_exit
DVAX,2017-10-01,2018-08-01,21.5,13.45,465,-3743.2500000000005,-37.441860465116285,momentum_exit
ASML,2017-11-01,2018-08-01,181.4,213.91,55,1788.0499999999995,17.921719955898553,momentum_exit
IBKR,2018-02-01,2018-08-01,16.7,15.13,598,-938.8599999999991,-9.401197604790411,momentum_exit
LPLA,2018-03-01,2018-08-01,63.0,67.07,158,643.0599999999989,6.460317460317455,momentum_exit
LITS,2018-06-01,2018-08-01,66.85,74.25,149,1102.6000000000008,11.069558713537786,momentum_exit
SLP,2018-07-01,2018-08-01,22.25,18.25,449,-1796.0,-17.97752808988764,momentum_exit
ON,2017-09-01,2018-09-01,17.25,21.34,579,2368.11,23.710144927536227,momentum_exit
RDNT,2018-02-01,2018-09-01,10.05,13.85,995,3780.999999999999,37.81094527363182,momentum_exit
SSSS,2018-04-01,2018-09-01,7.54,7.27,1326,-358.0200000000006,-3.5809018567639295,momentum_exit
PANW,2018-05-01,2018-09-01,32.35,38.52,309,1906.5300000000004,19.07264296754252,momentum_exit
BBSI,2018-07-01,2018-09-01,24.14,18.76,414,-2227.3199999999997,-22.286661143330566,momentum_exit
CRNT,2018-08-01,2018-09-01,4.04,3.23,2475,-2004.7500000000002,-20.049504950495045,momentum_exit
TRUP,2017-11-01,2018-10-01,28.05,32.26,356,1498.759999999999,15.008912655971463,momentum_exit
IOVA,2018-02-01,2018-10-01,16.5,11.12,606,-3260.2800000000007,-32.606060606060616,momentum_exit
ATEC,2018-05-01,2018-10-01,3.72,3.11,2688,-1639.6800000000007,-16.3978494623656,momentum_exit
ARCB,2018-06-01,2018-10-01,48.0,49.37,208,284.95999999999947,2.8541666666666687,momentum_exit
SVRA,2018-06-01,2018-10-01,9.69,10.62,1031,958.8299999999997,9.597523219814242,momentum_exit
TARA,2018-06-01,2018-10-01,92.0,74.0,108,-1944.0,-19.565217391304344,momentum_exit
PRDO,2018-07-01,2018-10-01,16.17,14.63,618,-951.7200000000006,-9.523809523809524,momentum_exit
SKYW,2018-09-01,2018-10-01,65.3,56.32,153,-1373.9399999999996,-13.751914241960183,momentum_exit
ALGN,2017-05-01,2018-11-01,133.68,230.95,74,7197.979999999999,72.76331538001195,momentum_exit
TQQQ,2017-05-01,2018-11-01,4.07,6.81,2457,6732.1799999999985,67.32186732186729,momentum_exit
XNET,2017-11-01,2018-11-01,12.01,6.38,832,-4684.16,-46.87760199833472,momentum_exit
LGND,2018-06-01,2018-11-01,122.84,106.8,81,-1299.2400000000005,-13.057635949202218,momentum_exit
AXGN,2017-04-01,2018-12-01,10.45,33.48,956,22016.679999999997,220.38277511961724,momentum_exit
PODD,2017-11-01,2018-12-01,58.42,83.93,171,4362.210000000001,43.666552550496405,momentum_exit
NBIX,2017-12-01,2018-12-01,73.6,88.27,135,1980.4500000000003,19.932065217391305,momentum_exit
TTGT,2017-12-01,2018-12-01,13.98,14.39,715,293.1500000000001,2.9327610872675214,momentum_exit
VRNS,2017-12-01,2018-12-01,17.45,19.3,573,1060.0500000000009,10.601719197707737,momentum_exit
CPRT,2018-04-01,2018-12-01,12.73,12.8,785,54.95000000000022,0.54988216810683,momentum_exit
APEI,2018-04-01,2018-12-01,43.0,31.64,232,-2635.52,-26.41860465116279,momentum_exit
MTRX,2018-06-01,2018-12-01,19.45,20.44,514,508.86000000000104,5.08997429305913,momentum_exit
LRMR,2018-06-01,2018-12-01,84.84,60.48,117,-2850.120000000001,-28.712871287128717,momentum_exit
EXPI,2017-12-01,2019-01-01,3.85,3.54,2597,-805.0700000000002,-8.051948051948054,momentum_exit
ASTH,2018-03-01,2019-01-01,20.37,19.85,490,-254.79999999999978,-2.5527736867943074,momentum_exit
VNOM,2018-05-01,2019-01-01,29.05,26.04,344,-1035.4400000000005,-10.361445783132538,momentum_exit
VNET,2018-07-01,2019-01-01,9.7,8.64,1030,-1091.7999999999986,-10.927835051546374,momentum_exit
ADMA,2018-08-01,2019-01-01,6.4,2.39,1562,-6263.62,-62.65625,momentum_exit
INOD,2018-12-01,2019-01-01,1.95,1.5,5128,-2307.6,-23.076923076923073,momentum_exit
OCUL,2018-12-01,2019-01-01,6.66,3.98,1501,-4022.6800000000003,-40.24024024024024,momentum_exit
CWST,2017-04-01,2019-02-01,14.11,30.08,708,11306.759999999998,113.1821403260099,momentum_exit
ENTA,2017-08-01,2019-02-01,38.5,81.86,259,11230.24,112.62337662337663,momentum_exit
AMZN,2018-03-01,2019-02-01,74.67,81.31,133,883.1200000000001,8.892460158028669,momentum_exit
CAMT,2018-09-01,2019-02-01,9.96,7.21,1004,-2761.000000000001,-27.610441767068284,momentum_exit
NVAX,2018-11-01,2019-02-01,38.0,46.0,263,2104.0,21.052631578947366,momentum_exit
ASND,2017-06-01,2019-03-01,23.83,69.31,419,19056.120000000003,190.85186739404114,momentum_exit
NFLX,2017-08-01,2019-03-01,18.2,35.73,549,9623.97,96.31868131868131,momentum_exit
VICR,2018-04-01,2019-03-01,28.55,32.68,350,1445.4999999999995,14.465849387040276,momentum_exit
BJRI,2018-08-01,2019-03-01,62.0,48.08,161,-2241.1200000000003,-22.451612903225804,momentum_exit
ANGI,2018-10-01,2019-03-01,222.6,163.8,44,-2587.1999999999994,-26.415094339622634,momentum_exit
MMSI,2018-11-01,2019-03-01,59.11,58.16,169,-160.55000000000047,-1.6071730671629259,momentum_exit
OPCH,2018-12-01,2019-03-01,15.8,13.16,632,-1668.4800000000005,-16.70886075949367,momentum_exit
ARQ,2019-02-01,2019-03-01,11.39,11.84,877,394.64999999999935,3.9508340649692553,momentum_exit
ALNT,2018-04-01,2019-04-01,26.5,23.24,377,-1229.0200000000007,-12.301886792452832,momentum_exit
BPOP,2018-12-01,2019-04-01,56.4,53.4,177,-531.0,-5.319148936170215,momentum_exit
AUPH,2019-01-01,2019-04-01,6.82,6.73,1466,-131.9399999999998,-1.319648093841641,momentum_exit
WLDN,2019-01-01,2019-04-01,34.98,37.25,285,646.9500000000008,6.489422527158384,momentum_exit
SSRM,2019-02-01,2019-04-01,13.77,12.32,726,-1052.6999999999996,-10.53013798111837,momentum_exit
AMTX,2019-02-01,2019-04-01,1.0,0.85,10000,-1500.0000000000002,-15.000000000000002,momentum_exit
VCEL,2017-09-01,2019-05-01,4.35,16.62,2298,28196.460000000003,282.06896551724145,momentum_exit
ISRG,2017-12-01,2019-05-01,132.22,165.68,75,2509.5000000000005,25.306307669036453,momentum_exit
EYPT,2018-08-01,2019-05-01,22.2,16.7,450,-2475.0,-24.774774774774777,momentum_exit
LNTH,2019-03-01,2019-05-01,23.75,23.84,421,37.889999999999944,0.3789473684210565,momentum_exit
OMER,2019-04-01,2019-05-01,17.24,19.14,580,1102.0000000000011,11.020881670533655,momentum_exit
VKTX,2017-11-01,2019-06-01,2.44,7.69,4098,21514.5,215.16393442622953,momentum_exit
CROX,2018-01-01,2019-06-01,12.64,19.32,791,5283.88,52.84810126582278,momentum_exit
RFIL,2018-02-01,2019-06-01,3.2,7.8,3125,14374.999999999998,143.75,momentum_exit
AXON,2018-03-01,2019-06-01,37.69,66.78,265,7708.850000000001,77.1822764659061,momentum_exit
STAA,2018-06-01,2019-06-01,30.3,23.17,330,-2352.8999999999996,-23.531353135313527,momentum_exit
TBCH,2018-06-01,2019-06-01,18.84,8.32,530,-5575.599999999999,-55.838641188959656,momentum_exit
CRNT,2018-11-01,2019-06-01,3.4,2.77,2941,-1852.8299999999997,-18.529411764705884,momentum_exit
LOCO,2018-12-01,2019-06-01,13.77,8.98,726,-3477.5399999999995,-34.78576615831517,momentum_exit
CLNE,2019-03-01,2019-06-01,2.22,2.67,4504,2026.7999999999988,20.270270270270263,momentum_exit
NSIT,2019-03-01,2019-06-01,56.45,51.48,177,-879.6900000000011,-8.804251550044295,momentum_exit
LITS,2019-04-01,2019-06-01,60.45,55.45,165,-825.0,-8.271298593879239,momentum_exit
QCOM,2019-05-01,2019-06-01,86.37,66.82,115,-2248.2500000000014,-22.635174250318414,momentum_exit
CAMT,2019-05-01,2019-06-01,9.98,7.89,1002,-2094.1800000000007,-20.941883767535074,momentum_exit
OLLI,2017-06-01,2019-07-01,43.65,85.97,229,9691.28,96.95303550973655,momentum_exit
FTNT,2018-08-01,2019-07-01,12.92,15.44,773,1947.9599999999996,19.5046439628483,momentum_exit
OCC,2018-10-01,2019-07-01,6.18,4.27,1618,-3090.38,-30.90614886731392,momentum_exit
ATRC,2018-11-01,2019-07-01,32.54,30.58,307,-601.7200000000003,-6.0233558696988325,momentum_exit
IPAR,2019-01-01,2019-07-01,65.57,64.65,152,-139.8399999999981,-1.4030806771389126,momentum_exit
SLNO,2019-06-01,2019-07-01,44.25,40.5,225,-843.75,-8.47457627118644,momentum_exit
BOOM,2018-04-01,2019-08-01,26.75,49.76,373,8582.73,86.01869158878503,momentum_exit
NTRA,2018-07-01,2019-08-01,18.82,28.08,531,4917.059999999999,49.20297555791711,momentum_exit
FIVE,2018-07-01,2019-08-01,97.71,110.13,102,1266.8400000000001,12.711083819465774,momentum_exit
LINC,2019-01-01,2019-08-01,3.2,1.85,3125,-4218.75,-42.1875,momentum_exit
SSYS,2019-07-01,2019-08-01,28.32,25.73,353,-914.27,-9.1454802259887,momentum_exit
AVXL,2019-07-01,2019-08-01,3.84,2.47,2604,-3567.479999999999,-35.67708333333333,momentum_exit
CDNA,2017-12-01,2019-09-01,7.12,22.82,1404,22042.8,220.5056179775281,momentum_exit
KALV,2018-09-01,2019-09-01,17.1,15.62,584,-864.3200000000013,-8.654970760233926,momentum_exit
SPSC,2018-10-01,2019-09-01,48.61,50.54,205,395.6499999999999,3.9703764657477825,momentum_exit
FOXF,2018-11-01,2019-09-01,63.18,72.04,158,1399.880000000001,14.02342513453625,momentum_exit
CECO,2018-12-01,2019-09-01,8.31,6.95,1203,-1636.0800000000004,-16.36582430806258,momentum_exit
FATE,2018-01-01,2019-10-01,6.11,14.54,1636,13791.48,137.97054009819965,momentum_exit
ENSG,2018-06-01,2019-10-01,36.74,40.2,272,941.1200000000002,9.417528579205236,momentum_exit
AMSC,2018-08-01,2019-10-01,5.8,7.62,1724,3137.6800000000003,31.379310344827594,momentum_exit
DXCM,2018-09-01,2019-10-01,36.1,37.21,277,307.46999999999986,3.0747922437673214,momentum_exit
AMD,2018-09-01,2019-10-01,25.17,28.76,397,1425.23,14.263011521652768,momentum_exit
CRMD,2018-10-01,2019-10-01,5.95,6.08,1680,218.3999999999998,2.184873949579824,momentum_exit
WIX,2018-12-01,2019-10-01,94.18,114.21,106,2123.1799999999985,21.26778509237628,momentum_exit
PACB,2018-12-01,2019-10-01,7.82,5.15,1278,-3412.2599999999998,-34.143222506393855,momentum_exit
VCEL,2019-07-01,2019-10-01,18.63,13.8,536,-2588.879999999999,-25.92592592592592,momentum_exit
POET,2019-08-01,2019-10-01,3.13,2.4,3194,-2331.62,-23.32268370607029,momentum_exit
AVGO,2019-09-01,2019-10-01,28.26,27.49,353,-271.8100000000011,-2.724699221514515,momentum_exit
PRDO,2019-09-01,2019-10-01,20.51,16.0,487,-2196.370000000001,-21.98927352510971,momentum_exit
RUN,2018-04-01,2019-11-01,8.93,15.59,1119,7452.54,74.58006718924972,momentum_exit
HROW,2018-11-01,2019-11-01,4.39,4.98,2277,1343.4300000000017,13.439635535307538,momentum_exit
MASI,2019-03-01,2019-11-01,134.45,147.51,74,966.4400000000002,9.713648196355518,momentum_exit
FEIM,2019-06-01,2019-11-01,9.2,9.38,1086,195.4800000000016,1.9565217391304568,momentum_exit
AAON,2019-06-01,2019-11-01,30.26,32.74,330,818.4000000000001,8.195637805684065,momentum_exit
CWST,2019-06-01,2019-11-01,38.72,42.19,258,895.2599999999998,8.961776859504123,momentum_exit
SNBR,2019-08-01,2019-11-01,46.69,48.43,214,372.3600000000004,3.7267080745341685,momentum_exit
VRSK,2019-09-01,2019-11-01,161.54,145.36,61,-986.9799999999987,-10.016095084808708,momentum_exit
COST,2019-09-01,2019-11-01,269.76,271.09,37,49.20999999999941,0.4930308422301355,momentum_exit
DLTR,2019-10-01,2019-11-01,113.25,111.74,88,-132.88000000000045,-1.333333333333342,momentum_exit
WING,2018-01-01,2019-12-01,23.76,71.0,420,19840.8,198.8215488215488,momentum_exit
LNTH,2019-06-01,2019-12-01,23.99,20.9,416,-1285.44,-12.880366819508126,momentum_exit
CRVL,2019-06-01,2019-12-01,24.66,27.5,405,1150.2,11.516626115166261,momentum_exit
CYTK,2019-08-01,2019-12-01,12.5,9.67,800,-2264.0,-22.640000000000004,momentum_exit
CTAS,2019-10-01,2019-12-01,65.6,64.27,152,-202.15999999999974,-2.027439024390243,momentum_exit
CROX,2019-10-01,2019-12-01,28.59,34.9,349,2202.1899999999996,22.070654074851337,momentum_exit
BBSI,2019-10-01,2019-12-01,21.58,22.09,463,236.13000000000073,2.363299351251169,momentum_exit
CYBR,2018-10-01,2020-01-01,77.03,116.58,129,5101.95,51.343632351032056,momentum_exit
TRI,2019-04-01,2020-01-01,61.49,74.27,162,2070.359999999999,20.783867295495195,momentum_exit
TREE,2019-06-01,2020-01-01,375.74,303.44,26,-1879.8000000000002,-19.242029062649713,momentum_exit
SSRM,2019-08-01,2020-01-01,16.38,19.26,610,1756.8000000000015,17.58241758241761,momentum_exit
SLP,2019-08-01,2020-01-01,41.75,29.07,239,-3030.52,-30.371257485029936,momentum_exit
RGLD,2019-09-01,2020-01-01,133.38,122.25,74,-823.6199999999997,-8.344579397210971,momentum_exit
SMCI,2019-11-01,2020-01-01,2.05,2.4,4878,1707.3000000000004,17.073170731707332,momentum_exit
RPD,2018-02-01,2020-02-01,23.67,59.38,422,15069.62,150.86607520067594,momentum_exit
INSG,2018-06-01,2020-02-01,18.1,67.1,552,27047.999999999996,270.7182320441988,momentum_exit
BRKR,2019-06-01,2020-02-01,41.77,49.47,239,1840.299999999999,18.43428297821401,momentum_exit
AMKR,2019-11-01,2020-02-01,12.55,10.84,796,-1361.1600000000008,-13.62549800796813,momentum_exit
VECO,2019-11-01,2020-02-01,14.35,12.75,696,-1113.5999999999997,-11.149825783972123,momentum_exit
SAIA,2019-12-01,2020-02-01,94.9,87.1,105,-819.0000000000011,-8.219178082191792,momentum_exit
MRVL,2019-12-01,2020-02-01,26.37,24.04,379,-883.0700000000007,-8.835798255593485,momentum_exit
GOGO,2020-01-01,2020-02-01,6.4,5.26,1562,-1780.680000000001,-17.812500000000007,momentum_exit
SPWH,2020-01-01,2020-02-01,8.03,6.48,1245,-1929.7499999999986,-19.302615193026142,momentum_exit
ONCY,2020-01-01,2020-02-01,4.76,2.62,2100,-4493.999999999999,-44.95798319327731,momentum_exit
TNDM,2018-06-01,2020-03-01,14.43,74.66,693,41739.39,417.3943173943174,momentum_exit
NSSC,2018-08-01,2020-03-01,7.9,10.17,1265,2871.5499999999993,28.73417721518987,momentum_exit
UPBD,2019-01-01,2020-03-01,16.19,21.29,617,3146.699999999999,31.500926497838154,momentum_exit
GLDD,2019-02-01,2020-03-01,7.05,9.7,1418,3757.6999999999994,37.5886524822695,momentum_exit
MANH,2019-05-01,2020-03-01,66.7,67.36,149,98.33999999999949,0.98950524737631,momentum_exit
DMRC,2019-06-01,2020-03-01,52.56,20.0,190,-6186.400000000001,-61.948249619482496,momentum_exit
PPC,2019-06-01,2020-03-01,17.17,12.76,582,-2566.6200000000013,-25.68433313919628,momentum_exit
PDFS,2019-09-01,2020-03-01,11.71,14.64,853,2499.29,25.02134927412467,momentum_exit
MGNI,2018-12-01,2020-04-01,4.45,5.28,2247,1865.0100000000002,18.651685393258433,momentum_exit
AGYS,2019-02-01,2020-04-01,17.92,15.55,558,-1322.4600000000005,-13.22544642857143,momentum_exit
PCTY,2019-03-01,2020-04-01,87.04,82.33,114,-536.940000000001,-5.411305147058831,momentum_exit
KRNT,2019-03-01,2020-04-01,22.31,23.27,448,430.0800000000004,4.303003137606454,momentum_exit
ASND,2019-04-01,2020-04-01,113.3,113.0,88,-26.39999999999975,-0.26478375992938785,momentum_exit
IDN,2019-04-01,2020-04-01,3.6,3.05,2777,-1527.3500000000008,-15.27777777777779,momentum_exit
MELI,2019-06-01,2020-04-01,570.52,447.34,17,-2094.06,-21.590829418775858,momentum_exit
RMBS,2019-11-01,2020-04-01,13.94,10.73,717,-2301.5699999999993,-23.027259684361546,momentum_exit
MTSI,2019-11-01,2020-04-01,23.44,17.81,426,-2398.380000000001,-24.01877133105803,momentum_exit
RDNT,2020-01-01,2020-04-01,20.3,9.02,492,-5549.76,-55.56650246305419,momentum_exit
TQQQ,2020-01-01,2020-04-01,10.82,5.22,924,-5174.400000000001,-51.75600739371535,momentum_exit
CASH,2020-01-01,2020-04-01,36.51,17.59,273,-5165.16,-51.821418789372764,momentum_exit
SMCI,2020-02-01,2020-04-01,2.8,2.05,3571,-2678.25,-26.785714285714292,momentum_exit
ALTS,2020-03-01,2020-04-01,3.5,2.16,2857,-3828.3799999999997,-38.28571428571428,momentum_exit
AVXL,2020-03-01,2020-04-01,3.81,2.82,2624,-2597.7600000000007,-25.984251968503948,momentum_exit
AMBA,2019-09-01,2020-05-01,55.87,49.0,178,-1222.8599999999994,-12.296402362627523,momentum_exit
AMAT,2019-10-01,2020-05-01,50.02,46.89,199,-622.8700000000005,-6.25749700119953,momentum_exit
UFPI,2019-11-01,2020-05-01,51.58,40.23,193,-2190.55,-22.004652966266004,momentum_exit
AXON,2019-12-01,2020-05-01,73.8,69.52,135,-577.8000000000002,-5.7994579945799485,momentum_exit
CG,2019-12-01,2020-05-01,29.8,22.18,335,-2552.7000000000003,-25.570469798657726,momentum_exit
QCOM,2020-02-01,2020-05-01,85.31,75.64,117,-1131.39,-11.335130699800732,momentum_exit
CDZI,2020-04-01,2020-05-01,11.2,10.62,892,-517.36,-5.178571428571432,momentum_exit
ARWR,2017-12-01,2020-06-01,3.49,33.31,2865,85434.3,854.4412607449857,momentum_exit
ISSC,2019-06-01,2020-06-01,3.16,3.66,3164,1582.0,15.822784810126578,momentum_exit
ATEC,2019-07-01,2020-06-01,4.66,4.57,2145,-193.0499999999997,-1.931330472102999,momentum_exit
QMCO,2019-08-01,2020-06-01,64.2,76.8,155,1952.999999999999,19.626168224299057,momentum_exit
CPRT,2019-10-01,2020-06-01,19.88,22.42,503,1277.6200000000013,12.776659959758563,momentum_exit
TTGT,2019-12-01,2020-06-01,26.52,26.83,377,116.86999999999952,1.1689291101055765,momentum_exit
SLNO,2020-02-01,2020-06-01,51.9,54.6,192,518.4000000000005,5.202312138728327,momentum_exit
CWST,2020-02-01,2020-06-01,51.19,50.87,195,-62.400000000000055,-0.6251220941590141,momentum_exit
LAKE,2020-03-01,2020-06-01,21.11,14.62,473,-3069.77,-30.74372335386073,momentum_exit
COST,2020-04-01,2020-06-01,261.78,283.29,38,817.3800000000018,8.216823286729324,momentum_exit
IDN,2020-05-01,2020-06-01,6.08,6.39,1644,509.63999999999936,5.098684210526305,momentum_exit
POET,2020-05-01,2020-06-01,4.07,3.9,2457,-417.6900000000009,-4.176904176904184,momentum_exit
EHTH,2018-12-01,2020-07-01,38.52,101.94,259,16425.78,164.64174454828657,momentum_exit
IOVA,2019-07-01,2020-07-01,24.62,29.03,406,1790.46,17.912266450040626,momentum_exit
CRUS,2019-10-01,2020-07-01,52.95,60.21,188,1364.8799999999997,13.711048158640216,momentum_exit
OPCH,2020-04-01,2020-07-01,8.95,13.25,1117,4803.1,48.044692737430175,momentum_exit
ATRC,2020-04-01,2020-07-01,32.38,45.27,308,3970.1200000000003,39.80852378011117,momentum_exit
RGLD,2020-05-01,2020-07-01,125.86,123.41,79,-193.55000000000024,-1.9466073414905471,momentum_exit
PERI,2019-09-01,2020-08-01,6.38,5.95,1567,-673.8099999999996,-6.739811912225702,momentum_exit
KLAC,2019-10-01,2020-08-01,158.29,199.83,63,2617.0200000000013,26.242971760692413,momentum_exit
LYTS,2020-02-01,2020-08-01,6.65,5.86,1503,-1187.3700000000001,-11.879699248120302,momentum_exit
MASI,2020-04-01,2020-08-01,178.49,220.12,56,2331.2799999999997,23.323435486581868,momentum_exit
MSFT,2020-04-01,2020-08-01,152.11,205.01,65,3438.4999999999986,34.77746367760173,momentum_exit
SSRM,2020-05-01,2020-08-01,17.96,24.0,556,3358.2399999999993,33.630289532293986,momentum_exit
CROX,2020-07-01,2020-08-01,35.41,35.94,282,149.46000000000032,1.4967523298503371,momentum_exit
LSCC,2019-03-01,2020-09-01,12.45,29.9,803,14012.349999999999,140.16064257028114,momentum_exit
PODD,2019-09-01,2020-09-01,154.17,223.21,64,4418.560000000001,44.7817344489849,momentum_exit
TER,2019-09-01,2020-09-01,52.97,85.35,188,6087.439999999999,61.12894090994902,momentum_exit
LRCX,2019-10-01,2020-09-01,23.04,34.06,434,4782.680000000001,47.829861111111114,momentum_exit
ARDX,2019-11-01,2020-09-01,5.11,5.5,1956,762.8399999999993,7.632093933463779,momentum_exit
FTNT,2020-04-01,2020-09-01,20.09,26.1,497,2986.9700000000007,29.915380786460943,momentum_exit
SAIA,2020-05-01,2020-09-01,91.35,140.27,109,5332.280000000002,53.552271483305994,momentum_exit
TARA,2020-05-01,2020-09-01,24.02,20.51,416,-1460.1599999999992,-14.6128226477935,momentum_exit
DVAX,2020-06-01,2020-09-01,7.92,5.57,1262,-2965.6999999999994,-29.67171717171717,momentum_exit
LITS,2020-07-01,2020-09-01,83.65,50.45,119,-3950.8,-39.68918111177525,momentum_exit
SMCI,2020-08-01,2020-09-01,3.03,2.71,3300,-1055.9999999999995,-10.561056105610556,momentum_exit
XNET,2020-08-01,2020-09-01,3.69,3.66,2710,-81.29999999999947,-0.8130081300812941,momentum_exit
SPNS,2019-04-01,2020-10-01,14.75,30.81,677,10872.619999999999,108.88135593220336,momentum_exit
ASML,2019-10-01,2020-10-01,245.39,382.01,40,5464.8,55.67464036839318,momentum_exit
AVDL,2019-12-01,2020-10-01,6.35,5.11,1574,-1951.7599999999989,-19.527559055118104,momentum_exit
WING,2020-05-01,2020-10-01,109.19,131.34,91,2015.6500000000005,20.285740452422395,momentum_exit
PDFS,2020-08-01,2020-10-01,24.58,19.76,406,-1956.9199999999987,-19.609438567941407,momentum_exit
LOCO,2020-08-01,2020-10-01,18.26,14.8,547,-1892.6200000000006,-18.94852135815992,momentum_exit
LULU,2018-04-01,2020-11-01,89.12,319.29,112,25779.04,258.2697486535009,momentum_exit
CYTK,2020-02-01,2020-11-01,12.3,15.37,813,2495.909999999999,24.95934959349593,momentum_exit
INSG,2020-04-01,2020-11-01,69.5,87.0,143,2502.5,25.179856115107913,momentum_exit
MTSI,2020-05-01,2020-11-01,28.72,36.5,348,2707.4400000000005,27.08913649025071,momentum_exit
SSSS,2020-08-01,2020-11-01,12.61,8.24,793,-3465.4099999999994,-34.65503568596352,momentum_exit
DXCM,2019-12-01,2020-12-01,56.83,81.93,175,4392.500000000002,44.16681330283303,momentum_exit
SLP,2020-02-01,2020-12-01,32.58,56.4,306,7288.92,73.11233885819522,momentum_exit
SYNA,2020-02-01,2020-12-01,66.69,78.72,149,1792.4700000000003,18.038686459739097,momentum_exit
REGN,2020-04-01,2020-12-01,496.65,514.07,20,348.40000000000146,3.507500251686313,momentum_exit
NFLX,2020-09-01,2020-12-01,55.66,50.46,179,-930.7999999999993,-9.342436219906569,momentum_exit
TNDM,2020-10-01,2020-12-01,113.64,96.62,87,-1480.7399999999996,-14.977120732136573,momentum_exit
VRNS,2020-10-01,2020-12-01,40.05,40.05,249,0.0,0.0,momentum_exit
AXON,2020-11-01,2020-12-01,98.9,125.26,101,2662.36,26.65318503538927,momentum_exit
NGNE,2019-12-01,2021-01-01,111.6,282.0,89,15165.6,152.68817204301075,momentum_exit
AUPH,2020-01-01,2021-01-01,20.26,13.83,493,-3169.9900000000007,-31.737413622902277,momentum_exit
MAMA,2020-02-01,2021-01-01,1.49,1.79,6711,2013.3000000000004,20.134228187919454,momentum_exit
AMZN,2020-09-01,2021-01-01,174.96,162.85,57,-690.2700000000008,-6.921582075903066,momentum_exit
ONCY,2020-09-01,2021-01-01,1.73,2.38,5780,3756.9999999999995,37.572254335260105,momentum_exit
VSA,2020-11-01,2021-01-01,9.85,15.2,1015,5430.25,54.314720812182735,momentum_exit
MMSI,2020-11-01,2021-01-01,50.05,55.51,199,1086.5400000000002,10.909090909090914,momentum_exit
LRMR,2020-11-01,2021-01-01,18.8,21.41,531,1385.9099999999996,13.88297872340425,momentum_exit
AOSL,2020-12-01,2021-01-01,25.06,23.64,399,-566.5799999999992,-5.666400638467673,momentum_exit
AMD,2019-11-01,2021-02-01,34.89,87.66,286,15092.22,151.2467755803955,momentum_exit
AAPL,2020-01-01,2021-02-01,73.41,134.14,136,8259.279999999999,82.72714888979702,momentum_exit
NVMI,2020-04-01,2021-02-01,32.0,73.09,312,12820.080000000002,128.40625,momentum_exit
VICR,2020-04-01,2021-02-01,42.03,88.93,237,11115.300000000001,111.58696169402806,momentum_exit
WIX,2020-07-01,2021-02-01,265.77,259.99,37,-213.859999999999,-2.174812808067117,momentum_exit
NVDA,2020-03-01,2021-03-01,6.75,13.84,1481,10500.289999999999,105.03703703703704,momentum_exit
TQQQ,2020-06-01,2021-03-01,10.47,24.25,955,13159.9,131.61413562559693,momentum_exit
LINC,2020-07-01,2021-03-01,3.92,5.97,2551,5229.549999999999,52.29591836734693,momentum_exit
LAKE,2020-07-01,2021-03-01,22.96,33.19,435,4450.049999999998,44.55574912891984,momentum_exit
ICLN,2020-11-01,2021-03-01,19.56,26.83,511,3714.97,37.16768916155419,momentum_exit
INSG,2021-02-01,2021-03-01,190.7,150.3,52,-2100.799999999999,-21.185107498689028,momentum_exit
GPRO,2021-02-01,2021-03-01,10.53,8.15,949,-2258.619999999999,-22.602089268755932,momentum_exit
FRPT,2018-08-01,2021-04-01,28.85,159.39,346,45166.84,452.478336221837,momentum_exit
VNET,2020-03-01,2021-04-01,14.98,33.54,667,12379.519999999999,123.89853137516687,momentum_exit
SMMT,2020-04-01,2021-04-01,2.32,6.14,4310,16464.2,164.6551724137931,momentum_exit
SPWH,2020-05-01,2021-04-01,7.26,17.47,1377,14059.169999999998,140.63360881542698,momentum_exit
LOGI,2020-06-01,2021-04-01,59.31,107.98,168,8176.56,82.06036081605126,momentum_exit
MPWR,2020-06-01,2021-04-01,213.39,367.52,46,7089.98,72.2292516050424,momentum_exit
LWAY,2020-10-01,2021-04-01,5.2,5.46,1923,499.97999999999956,5.000000000000004,momentum_exit
LSCC,2020-12-01,2021-04-01,42.39,48.68,235,1478.1499999999999,14.838405284265143,momentum_exit
COHR,2020-12-01,2021-04-01,68.75,71.4,145,384.2500000000008,3.854545454545466,momentum_exit
SLP,2021-01-01,2021-04-01,71.92,63.03,139,-1235.71,-12.360956618464957,momentum_exit
POET,2021-01-01,2021-04-01,6.47,9.4,1545,4526.850000000001,45.285935085007736,momentum_exit
SSYS,2021-02-01,2021-04-01,45.53,25.26,219,-4439.13,-44.5200966395783,momentum_exit
CLFD,2021-02-01,2021-04-01,33.53,31.15,298,-709.2400000000008,-7.098121085594999,momentum_exit
SHOP,2019-04-01,2021-05-01,20.6,118.25,485,47360.25,474.0291262135922,momentum_exit
NEON,2020-05-01,2021-05-01,5.11,8.45,1956,6533.039999999998,65.36203522504891,momentum_exit
MTSI,2021-01-01,2021-05-01,55.04,56.61,181,284.1700000000001,2.8524709302325535,momentum_exit
PTEN,2021-04-01,2021-05-01,7.35,6.76,1360,-802.3999999999999,-8.027210884353742,momentum_exit
NTRA,2019-10-01,2021-06-01,32.1,92.0,311,18628.899999999998,186.6043613707165,momentum_exit
MGNX,2020-08-01,2021-06-01,25.4,32.34,393,2727.420000000002,27.322834645669314,momentum_exit
MELI,2020-08-01,2021-06-01,1124.62,1368.87,8,1954.0,21.718447119916064,momentum_exit
Z,2020-09-01,2021-06-01,88.44,113.56,113,2838.5600000000004,28.403437358661243,momentum_exit
ZG,2020-09-01,2021-06-01,88.26,115.74,113,3105.239999999999,31.135282121006114,momentum_exit
AMSC,2020-12-01,2021-06-01,18.7,15.06,534,-1943.7599999999993,-19.465240641711222,momentum_exit
ALTS,2021-02-01,2021-06-01,9.4,6.62,1063,-2955.1400000000003,-29.574468085106385,momentum_exit
IBRX,2020-01-01,2021-07-01,3.79,14.24,2638,27567.1,275.7255936675462,momentum_exit
OCUL,2020-05-01,2021-07-01,5.75,14.34,1739,14938.01,149.3913043478261,momentum_exit
FIZZ,2020-07-01,2021-07-01,22.44,39.61,445,7640.649999999999,76.51515151515149,momentum_exit
TBCH,2020-08-01,2021-07-01,18.34,30.84,545,6812.5,68.15703380588877,momentum_exit
CENX,2021-04-01,2021-07-01,17.25,12.61,579,-2686.5600000000004,-26.898550724637683,momentum_exit
UPBD,2021-04-01,2021-07-01,58.98,54.25,169,-799.3699999999994,-8.019667683960662,momentum_exit
ON,2021-04-01,2021-07-01,42.89,37.91,233,-1160.3400000000008,-11.611098158078814,momentum_exit
FOXF,2021-05-01,2021-07-01,153.23,156.28,65,198.25000000000074,1.9904718397180776,momentum_exit
TOUR,2021-05-01,2021-07-01,2.8,2.32,3571,-1714.08,-17.14285714285715,momentum_exit
KALV,2021-06-01,2021-07-01,26.99,24.49,370,-925.0,-9.262689885142649,momentum_exit
NVAX,2020-04-01,2021-08-01,14.03,179.33,712,117693.6,1178.1895937277263,momentum_exit
RUN,2020-08-01,2021-08-01,36.69,52.97,272,4428.16,44.371763423276114,momentum_exit
STKL,2020-08-01,2021-08-01,6.58,10.5,1519,5954.48,59.57446808510638,momentum_exit
GPRO,2021-04-01,2021-08-01,12.39,10.24,807,-1735.0500000000002,-17.352703793381764,momentum_exit
FTAI,2021-04-01,2021-08-01,24.14,24.41,414,111.77999999999983,1.118475559237786,momentum_exit
SYNA,2021-07-01,2021-08-01,153.64,151.92,65,-111.79999999999993,-1.1195001301744334,momentum_exit
TSLA,2020-02-01,2021-09-01,43.37,244.7,230,46305.899999999994,464.2148950887711,momentum_exit
LFMD,2020-04-01,2021-09-01,1.25,7.86,8000,52880.0,528.8000000000001,momentum_exit
TRUP,2020-09-01,2021-09-01,68.02,93.55,147,3752.9100000000003,37.53307850632168,momentum_exit
GOGO,2021-03-01,2021-09-01,12.07,13.38,828,1084.6800000000005,10.853355426677712,momentum_exit
TQQQ,2021-04-01,2021-09-01,23.98,37.58,417,5671.199999999999,56.7139282735613,momentum_exit
BJRI,2021-04-01,2021-09-01,59.52,42.76,168,-2815.6800000000007,-28.158602150537636,momentum_exit
STRL,2021-06-01,2021-09-01,23.27,22.94,429,-141.56999999999925,-1.4181349376879981,momentum_exit
COMM,2021-07-01,2021-09-01,21.9,15.51,456,-2913.8399999999992,-29.178082191780817,momentum_exit
GRPN,2021-08-01,2021-09-01,36.37,23.8,274,-3444.179999999999,-34.56145174594445,momentum_exit
IESC,2021-08-01,2021-09-01,54.41,47.54,183,-1257.2099999999996,-12.626355449365922,momentum_exit
ENPH,2018-03-01,2021-10-01,3.31,155.36,3021,459343.05000000005,4593.655589123868,momentum_exit
PLUG,2019-10-01,2021-10-01,2.51,25.57,3984,91871.04000000001,918.7250996015937,momentum_exit
FATE,2020-02-01,2021-10-01,25.36,59.5,394,13451.16,134.62145110410094,momentum_exit
TTGT,2020-10-01,2021-10-01,44.57,83.12,224,8635.2,86.49315683194976,momentum_exit
CDNA,2020-11-01,2021-10-01,49.05,66.58,203,3558.59,35.73904179408767,momentum_exit
SNBR,2021-03-01,2021-10-01,143.04,94.54,69,-3346.499999999999,-33.9065995525727,momentum_exit
NTRA,2021-08-01,2021-10-01,114.52,112.39,87,-185.3099999999996,-1.8599371288857802,momentum_exit
RDNT,2021-08-01,2021-10-01,36.74,29.1,272,-2078.08,-20.79477408818726,momentum_exit
NVAX,2021-09-01,2021-10-01,252.06,181.6,39,-2747.9400000000005,-27.953661826549236,momentum_exit
SMMT,2021-09-01,2021-10-01,7.28,5.11,1373,-2979.41,-29.807692307692303,momentum_exit
STAA,2020-05-01,2021-11-01,36.77,121.03,271,22834.46,229.1542017949415,momentum_exit
ATEC,2021-01-01,2021-11-01,14.52,12.25,688,-1561.7599999999998,-15.633608815426992,momentum_exit
AGYS,2021-06-01,2021-11-01,52.21,47.51,191,-897.7000000000005,-9.002106876077388,momentum_exit
CASH,2021-06-01,2021-11-01,53.83,57.65,185,706.7,7.0964146386773175,momentum_exit
AXON,2021-08-01,2021-11-01,186.02,180.67,53,-283.5500000000012,-2.876034834963992,momentum_exit
ALGN,2021-08-01,2021-11-01,695.8,661.46,14,-480.75999999999885,-4.935326243173311,momentum_exit
GPRO,2021-09-01,2021-11-01,10.12,8.79,988,-1314.04,-13.142292490118578,momentum_exit
BPOP,2021-10-01,2021-11-01,78.59,82.75,127,528.3199999999996,5.2932943122534715,momentum_exit
FCEL,2020-06-01,2021-12-01,67.5,239.1,148,25396.8,254.22222222222223,momentum_exit
EXPI,2020-08-01,2021-12-01,9.94,34.51,1006,24717.420000000002,247.1830985915493,momentum_exit
TBHC,2020-08-01,2021-12-01,5.38,20.58,1858,28241.6,282.52788104089217,momentum_exit
INOD,2020-10-01,2021-12-01,3.09,6.17,3236,9966.880000000001,99.67637540453076,momentum_exit
PACB,2020-10-01,2021-12-01,10.5,21.14,952,10129.28,101.33333333333331,momentum_exit
MGNI,2020-12-01,2021-12-01,19.0,16.82,526,-1146.6799999999998,-11.473684210526313,momentum_exit
HIMX,2020-12-01,2021-12-01,6.71,10.01,1490,4917.0,49.180327868852444,momentum_exit
VCEL,2021-02-01,2021-12-01,44.37,35.2,225,-2063.2499999999986,-20.667117421681304,momentum_exit
RAIL,2021-04-01,2021-12-01,6.65,3.65,1503,-4509.000000000001,-45.112781954887225,momentum_exit
PTEN,2021-07-01,2021-12-01,10.26,6.94,974,-3233.6799999999994,-32.35867446393762,momentum_exit
OPCH,2021-09-01,2021-12-01,27.69,24.49,361,-1155.200000000001,-11.556518598772126,momentum_exit
AMKR,2021-09-01,2021-12-01,27.39,21.63,365,-2102.4000000000005,-21.02957283680176,momentum_exit
SSYS,2021-11-01,2021-12-01,33.99,25.24,294,-2572.500000000001,-25.742865548690798,momentum_exit
PLUG,2021-11-01,2021-12-01,41.65,36.71,240,-1185.5999999999995,-11.860744297719084,momentum_exit
ATRC,2021-11-01,2021-12-01,77.5,65.53,129,-1544.1299999999999,-15.445161290322584,momentum_exit
MVIS,2020-07-01,2022-01-01,1.45,5.01,6896,24549.76,245.51724137931035,momentum_exit
MSTR,2020-12-01,2022-01-01,32.4,54.45,308,6791.4000000000015,68.05555555555559,momentum_exit
CLNE,2020-12-01,2022-01-01,4.4,6.13,2272,3930.559999999999,39.318181818181806,momentum_exit
POET,2021-07-01,2022-01-01,11.8,7.05,847,-4023.250000000001,-40.2542372881356,momentum_exit
EYPT,2021-09-01,2022-01-01,10.99,12.24,909,1136.25,11.3739763421292,momentum_exit
TSLA,2021-11-01,2022-01-01,402.86,352.26,24,-1214.4000000000005,-12.56019460854888,momentum_exit
ENPH,2021-11-01,2022-01-01,239.53,182.94,41,-2320.19,-23.625433139898966,momentum_exit
HROW,2021-12-01,2022-01-01,9.97,8.64,1003,-1333.99,-13.340020060180546,momentum_exit
MPWR,2021-12-01,2022-01-01,555.2,493.33,18,-1113.6600000000012,-11.143731988472627,momentum_exit
VICR,2021-12-01,2022-01-01,140.34,126.98,71,-948.56,-9.519737779677929,momentum_exit
KRNT,2020-06-01,2022-02-01,47.94,109.55,208,12814.88,128.51481017939093,momentum_exit
AMTX,2020-09-01,2022-02-01,2.04,9.56,4901,36855.520000000004,368.62745098039215,momentum_exit
AVXL,2020-11-01,2022-02-01,5.9,11.04,1694,8707.159999999998,87.1186440677966,momentum_exit
SYPR,2021-03-01,2022-02-01,3.84,2.21,2604,-4244.5199999999995,-42.447916666666664,momentum_exit
GSAT,2021-03-01,2022-02-01,26.1,16.65,383,-3619.3500000000013,-36.20689655172414,momentum_exit
LGND,2021-12-01,2022-02-01,96.17,76.41,103,-2035.2800000000004,-20.546948112717068,momentum_exit
TTGT,2021-12-01,2022-02-01,89.66,83.71,111,-660.4500000000003,-6.636181128708463,momentum_exit
FOXF,2021-12-01,2022-02-01,173.2,134.04,57,-2232.12,-22.609699769053115,momentum_exit
ENTA,2021-12-01,2022-02-01,84.24,59.86,118,-2876.8399999999992,-28.941120607787273,momentum_exit
OPCH,2022-01-01,2022-02-01,28.44,23.7,351,-1663.7400000000007,-16.666666666666675,momentum_exit
AUPH,2022-01-01,2022-02-01,22.87,17.64,437,-2285.51,-22.868386532575425,momentum_exit
HIMX,2022-01-01,2022-02-01,15.99,10.79,625,-3250.0000000000005,-32.52032520325204,momentum_exit
PERI,2021-03-01,2022-03-01,21.59,22.56,463,449.10999999999945,4.492820750347382,momentum_exit
CROX,2021-03-01,2022-03-01,80.53,79.78,124,-93.0,-0.9313299391531138,momentum_exit
CAMT,2021-03-01,2022-03-01,29.69,32.09,336,806.4000000000008,8.083529808016166,momentum_exit
AMAT,2021-06-01,2022-03-01,138.21,129.61,72,-619.1999999999996,-6.222415165328121,momentum_exit
AMBA,2021-09-01,2022-03-01,131.96,95.98,75,-2698.5000000000005,-27.265838132767506,momentum_exit
PPC,2021-09-01,2022-03-01,19.58,15.62,510,-2019.5999999999995,-20.22471910112359,momentum_exit
ASML,2021-09-01,2022-03-01,842.17,634.21,11,-2287.559999999999,-24.693351698588163,momentum_exit
TILE,2021-10-01,2022-03-01,15.57,13.99,642,-1014.36,-10.147719974309567,momentum_exit
EWBC,2021-10-01,2022-03-01,78.9,81.96,126,385.55999999999847,3.8783269961977007,momentum_exit
AMKR,2022-01-01,2022-03-01,24.38,21.03,410,-1373.499999999999,-13.740771123872019,momentum_exit
FWRD,2022-02-01,2022-03-01,110.69,100.8,90,-890.1,-8.934863131267502,momentum_exit
KLAC,2022-02-01,2022-03-01,388.03,336.79,25,-1280.9999999999989,-13.205164549132785,momentum_exit
ARCB,2021-03-01,2022-04-01,62.73,75.0,159,1950.9300000000005,19.560019129603056,momentum_exit
GPRE,2021-04-01,2022-04-01,31.1,31.49,321,125.18999999999905,1.2540192926044913,momentum_exit
SLM,2021-06-01,2022-04-01,20.27,18.25,493,-995.8599999999998,-9.965466206216078,momentum_exit
DVAX,2021-09-01,2022-04-01,19.0,11.26,526,-4071.2400000000002,-40.73684210526316,momentum_exit
SAIA,2021-12-01,2022-04-01,316.15,233.72,31,-2555.3299999999995,-26.073066582318518,momentum_exit
NVMI,2021-12-01,2022-04-01,129.14,107.15,77,-1693.2299999999984,-17.028031593619318,momentum_exit
STX,2021-12-01,2022-04-01,103.84,89.42,96,-1384.3200000000002,-13.886748844375962,momentum_exit
UFPI,2022-01-01,2022-04-01,92.01,78.4,108,-1469.8799999999999,-14.791870448864252,momentum_exit
OCC,2022-01-01,2022-04-01,5.37,4.16,1862,-2253.02,-22.532588454376167,momentum_exit
RDNT,2022-02-01,2022-04-01,26.12,22.68,382,-1314.0800000000004,-13.169984686064318,momentum_exit
VSEC,2022-02-01,2022-04-01,51.15,45.71,195,-1060.7999999999995,-10.635386119257085,momentum_exit
BPOP,2022-02-01,2022-04-01,92.22,80.95,108,-1217.1599999999996,-12.2207764042507,momentum_exit
LINC,2022-03-01,2022-04-01,7.71,7.38,1297,-428.0100000000001,-4.280155642023342,momentum_exit
CLDX,2020-07-01,2022-05-01,13.38,30.55,747,12825.990000000002,128.32585949177874,momentum_exit
APLD,2020-12-01,2022-05-01,0.09,3.36,111111,363332.97000000003,3633.3333333333335,momentum_exit
EXTR,2021-05-01,2022-05-01,11.38,9.6,878,-1562.840000000001,-15.64147627416521,momentum_exit
MYRG,2021-06-01,2022-05-01,89.86,79.09,111,-1195.4699999999996,-11.98531048297351,momentum_exit
LSCC,2021-10-01,2022-05-01,65.74,48.04,152,-2690.399999999999,-26.92424703376939,momentum_exit
TQQQ,2021-11-01,2022-05-01,39.17,18.27,255,-5329.500000000001,-53.35716109267297,momentum_exit
CG,2021-12-01,2022-05-01,53.68,36.29,186,-3234.54,-32.39567809239941,momentum_exit
GOOGL,2022-01-01,2022-05-01,144.85,114.11,69,-2121.0599999999995,-21.221953745253707,momentum_exit
GOOG,2022-01-01,2022-05-01,144.68,114.97,69,-2049.9900000000007,-20.534973735139626,momentum_exit
VECO,2022-02-01,2022-05-01,27.52,22.92,363,-1669.7999999999993,-16.715116279069765,momentum_exit
CASH,2022-02-01,2022-05-01,61.58,43.65,162,-2904.66,-29.116596297499186,momentum_exit
PRTA,2021-07-01,2022-06-01,52.78,26.52,189,-4963.14,-49.7536945812808,momentum_exit
IPAR,2022-01-01,2022-06-01,106.9,72.72,93,-3178.7400000000007,-31.973807296538826,momentum_exit
CENX,2022-02-01,2022-06-01,15.84,11.8,631,-2549.2399999999993,-25.505050505050498,momentum_exit
CRESY,2022-03-01,2022-06-01,6.46,6.65,1547,293.93000000000063,2.941176470588247,momentum_exit
ENTA,2022-03-01,2022-06-01,69.77,40.22,143,-4225.65,-42.353447040275185,momentum_exit
RPD,2022-03-01,2022-06-01,104.23,70.1,95,-3242.350000000001,-32.74489110620743,momentum_exit
TNDM,2022-04-01,2022-06-01,121.09,65.67,82,-4544.4400000000005,-45.76761086794946,momentum_exit
DXCM,2022-04-01,2022-06-01,132.89,70.96,75,-4644.749999999999,-46.60245315674618,momentum_exit
RGLD,2022-04-01,2022-06-01,146.33,114.44,68,-2168.520000000001,-21.793207134558877,momentum_exit
ARQ,2022-05-01,2022-06-01,6.05,5.03,1652,-1685.0399999999993,-16.859504132231397,momentum_exit
INOD,2022-05-01,2022-06-01,7.29,6.4,1371,-1220.1899999999996,-12.208504801097387,momentum_exit
SFM,2022-05-01,2022-06-01,29.8,26.73,335,-1028.45,-10.30201342281879,momentum_exit
ASTH,2021-07-01,2022-07-01,65.48,38.61,152,-4084.2400000000007,-41.03543066585217,momentum_exit
SYNA,2021-09-01,2022-07-01,188.46,114.06,53,-3943.2000000000003,-39.47787328876154,momentum_exit
NVDA,2021-12-01,2022-07-01,31.44,14.52,318,-5380.56,-53.81679389312977,momentum_exit
RMBS,2022-01-01,2022-07-01,29.39,20.59,340,-2992.0000000000005,-29.94215719632528,momentum_exit
MRVL,2022-01-01,2022-07-01,87.49,42.55,114,-5123.16,-51.365870385186874,momentum_exit
AAPL,2022-03-01,2022-07-01,163.2,138.93,61,-1480.469999999999,-14.87132352941175,momentum_exit
STRL,2022-03-01,2022-07-01,28.12,21.96,355,-2186.8,-21.90611664295875,momentum_exit
AMD,2022-03-01,2022-07-01,113.83,73.67,87,-3493.9199999999996,-35.28068171835193,momentum_exit
MSFT,2022-03-01,2022-07-01,294.95,259.58,33,-1167.21,-11.9918630276318,momentum_exit
LWAY,2022-04-01,2022-07-01,7.22,4.86,1385,-3268.599999999999,-32.686980609418285,momentum_exit
CTAS,2022-05-01,2022-07-01,99.32,94.18,100,-513.9999999999986,-5.175191300845738,momentum_exit
PERI,2022-05-01,2022-07-01,21.08,18.32,474,-1308.239999999999,-13.092979127134718,momentum_exit
CYBR,2022-05-01,2022-07-01,157.14,130.83,63,-1657.5299999999984,-16.74303169148529,momentum_exit
OCC,2022-05-01,2022-07-01,3.65,3.4,2739,-684.75,-6.849315068493156,momentum_exit
TATT,2022-05-01,2022-07-01,5.96,5.76,1677,-335.4000000000003,-3.3557046979865834,momentum_exit
MPWR,2022-05-01,2022-07-01,392.24,364.95,25,-682.2500000000005,-6.957475015296765,momentum_exit
NEON,2022-06-01,2022-07-01,6.79,5.06,1472,-2546.5600000000004,-25.47864506627394,momentum_exit
KLAC,2022-06-01,2022-07-01,356.99,296.26,28,-1700.4400000000005,-17.01168099946778,momentum_exit
REGN,2022-03-01,2022-08-01,607.03,576.68,16,-485.60000000000036,-4.999752895244058,momentum_exit
ISSC,2022-04-01,2022-08-01,8.12,6.97,1231,-1415.6499999999994,-14.16256157635467,momentum_exit
NBIX,2022-07-01,2022-08-01,99.25,92.03,100,-721.9999999999999,-7.274559193954655,momentum_exit
III,2021-06-01,2022-09-01,5.9,5.69,1694,-355.73999999999995,-3.5593220338983045,momentum_exit
FTNT,2021-09-01,2022-09-01,61.69,48.55,162,-2128.6800000000003,-21.300048630248014,momentum_exit
CRVL,2021-10-01,2022-09-01,63.0,51.4,158,-1832.8000000000002,-18.412698412698415,momentum_exit
MEOH,2022-02-01,2022-09-01,46.88,35.72,213,-2377.080000000001,-23.805460750853246,momentum_exit
SSRM,2022-03-01,2022-09-01,20.72,13.02,482,-3711.3999999999996,-37.16216216216216,momentum_exit
SPSC,2022-03-01,2022-09-01,125.95,119.03,79,-546.6800000000002,-5.494243747518857,momentum_exit
DVAX,2022-06-01,2022-09-01,11.92,11.59,838,-276.5400000000001,-2.7684563758389236,momentum_exit
TTEK,2022-06-01,2022-09-01,27.02,26.86,370,-59.20000000000005,-0.5921539600296066,momentum_exit
TRI,2022-07-01,2022-09-01,107.48,114.43,93,646.3500000000003,6.466319315221436,momentum_exit
SVRA,2022-08-01,2022-09-01,1.68,1.41,5952,-1607.0400000000002,-16.07142857142857,momentum_exit
KLAC,2022-08-01,2022-09-01,385.64,337.11,25,-1213.2499999999993,-12.584275490094377,momentum_exit
AOSL,2021-02-01,2022-10-01,31.17,30.76,320,-131.20000000000005,-1.3153673403914046,momentum_exit
CWST,2022-02-01,2022-10-01,76.49,76.39,130,-12.999999999999261,-0.1307360439273042,momentum_exit
GOGO,2022-04-01,2022-10-01,19.0,12.12,526,-3618.8800000000006,-36.21052631578948,momentum_exit
BKR,2022-04-01,2022-10-01,36.42,20.96,274,-4236.04,-42.44920373421197,momentum_exit
AVGO,2022-04-01,2022-10-01,62.7,44.4,159,-2909.7000000000007,-29.186602870813406,momentum_exit
PPC,2022-05-01,2022-10-01,19.95,14.62,501,-2670.33,-26.71679197994987,momentum_exit
TVTX,2022-06-01,2022-10-01,22.6,24.64,442,901.6799999999996,9.02654867256636,momentum_exit
FIZZ,2022-07-01,2022-10-01,46.23,35.29,216,-2363.0399999999995,-23.664287259355397,momentum_exit
ARCB,2022-07-01,2022-10-01,70.8,72.73,141,272.13000000000096,2.725988700564974,momentum_exit
IPAR,2022-07-01,2022-10-01,73.63,75.46,135,247.04999999999978,2.4853999728371656,momentum_exit
RUSHA,2022-07-01,2022-10-01,32.54,29.24,307,-1013.1000000000003,-10.141364474492931,momentum_exit
BBSI,2022-07-01,2022-10-01,18.39,19.5,543,602.7299999999997,6.035889070146805,momentum_exit
ENTA,2022-07-01,2022-10-01,49.63,51.87,201,450.239999999999,4.513399153737652,momentum_exit
BPOP,2022-07-01,2022-10-01,78.45,72.06,127,-811.5300000000001,-8.145315487571702,momentum_exit
PRDO,2022-08-01,2022-10-01,13.86,10.3,721,-2566.759999999999,-25.685425685425678,momentum_exit
AAPL,2022-08-01,2022-10-01,161.51,138.2,61,-1421.91,-14.432542876602072,momentum_exit
STRL,2022-08-01,2022-10-01,26.01,21.47,384,-1743.360000000001,-17.45482506728182,momentum_exit
OCC,2022-09-01,2022-10-01,3.82,3.45,2617,-968.2899999999992,-9.685863874345547,momentum_exit
CAR,2021-04-01,2022-11-01,64.21,210.52,155,22678.05,227.8617037844573,momentum_exit
TSLA,2022-03-01,2022-11-01,288.12,227.82,34,-2050.2000000000003,-20.928779675135367,momentum_exit
FWRD,2022-07-01,2022-11-01,91.35,106.25,109,1624.1000000000006,16.310892172961154,momentum_exit
SLP,2022-08-01,2022-11-01,65.05,40.5,153,-3756.1499999999996,-37.74019984627209,momentum_exit
UFPI,2022-08-01,2022-11-01,92.01,71.58,108,-2206.4400000000005,-22.20410824910336,momentum_exit
CTAS,2022-09-01,2022-11-01,101.89,107.07,98,507.6399999999993,5.083914024928848,momentum_exit
MMYT,2022-09-01,2022-11-01,32.93,28.55,303,-1327.1399999999996,-13.300941390829024,momentum_exit
TATT,2022-09-01,2022-11-01,6.51,6.28,1536,-353.2799999999993,-3.533026113671267,momentum_exit
SSRM,2022-10-01,2022-11-01,14.71,13.91,679,-543.2000000000005,-5.438477226376614,momentum_exit
SVRA,2022-10-01,2022-11-01,1.55,1.18,6451,-2386.870000000001,-23.870967741935488,momentum_exit
PERI,2022-10-01,2022-11-01,19.29,22.63,518,1730.12,17.31467081389322,momentum_exit
PANW,2021-11-01,2022-12-01,84.72,89.2,118,528.6400000000004,5.288007554296503,momentum_exit
COST,2022-02-01,2022-12-01,493.41,488.86,20,-91.00000000000023,-0.9221539895826969,momentum_exit
COMM,2022-11-01,2022-12-01,12.98,8.77,770,-3241.7000000000007,-32.43451463790448,momentum_exit
AAPL,2022-11-01,2022-12-01,150.65,148.31,66,-154.44000000000023,-1.5532691669432497,momentum_exit
ON,2021-11-01,2023-01-01,54.99,62.37,181,1335.7799999999993,13.420621931260213,momentum_exit
PDFS,2022-02-01,2023-01-01,29.73,28.52,336,-406.5600000000003,-4.069963000336363,momentum_exit
IBKR,2022-11-01,2023-01-01,20.08,18.09,498,-991.0199999999992,-9.910358565737043,momentum_exit
AVDL,2022-12-01,2023-01-01,10.0,7.16,1000,-2840.0,-28.400000000000002,momentum_exit
MMYT,2022-12-01,2023-01-01,29.78,27.57,335,-740.3500000000003,-7.421087978509067,momentum_exit
AMKR,2022-12-01,2023-01-01,27.47,23.57,364,-1419.5999999999995,-14.19730615216599,momentum_exit
LWAY,2022-09-01,2023-02-01,6.14,5.41,1628,-1188.4399999999991,-11.889250814332241,momentum_exit
ONCY,2022-12-01,2023-02-01,2.12,1.85,4716,-1273.3200000000002,-12.735849056603776,momentum_exit
AXGN,2023-01-01,2023-02-01,9.98,9.29,1002,-691.3800000000012,-6.913827655310634,momentum_exit
CLFD,2021-06-01,2023-03-01,38.66,62.48,258,6145.56,61.61407139161925,momentum_exit
VNOM,2021-10-01,2023-03-01,22.09,29.91,452,3534.6400000000003,35.40063377093708,momentum_exit
PTEN,2022-02-01,2023-03-01,10.58,14.33,945,3543.75,35.44423440453686,momentum_exit
TSEM,2022-03-01,2023-03-01,46.66,40.49,214,-1320.3799999999987,-13.223317616802388,momentum_exit
DLTR,2022-03-01,2023-03-01,139.71,148.12,71,597.1099999999998,6.019612053539469,momentum_exit
SFM,2022-07-01,2023-03-01,25.72,30.8,388,1971.0400000000006,19.751166407465014,momentum_exit
ISSC,2022-09-01,2023-03-01,7.6,7.94,1315,447.100000000001,4.473684210526319,momentum_exit
GSAT,2022-10-01,2023-03-01,23.85,17.7,419,-2576.850000000001,-25.786163522012583,momentum_exit
MMSI,2022-11-01,2023-03-01,69.03,69.13,144,14.399999999999181,0.1448645516441971,momentum_exit
RGLD,2022-12-01,2023-03-01,114.0,120.8,87,591.5999999999998,5.964912280701751,momentum_exit
SMMT,2023-01-01,2023-03-01,4.25,1.82,2352,-5715.36,-57.1764705882353,momentum_exit
PODD,2023-01-01,2023-03-01,294.39,282.48,33,-393.02999999999895,-4.0456537246509665,momentum_exit
ATRO,2023-02-01,2023-03-01,14.79,15.2,676,277.1600000000001,2.772143340094657,momentum_exit
CYTK,2021-12-01,2023-04-01,36.91,35.19,270,-464.3999999999997,-4.659983744242746,momentum_exit
ENPH,2022-04-01,2023-04-01,205.89,210.28,48,210.7200000000007,2.1322065180436223,momentum_exit
CRESY,2022-09-01,2023-04-01,6.06,6.18,1650,198.00000000000017,1.980198019801982,momentum_exit
NBIX,2022-09-01,2023-04-01,105.63,101.22,94,-414.5399999999997,-4.174950298210733,momentum_exit
ENSG,2022-10-01,2023-04-01,79.5,95.54,125,2005.0000000000007,20.176100628930826,momentum_exit
BKR,2022-11-01,2023-04-01,28.5,28.86,350,125.9999999999998,1.2631578947368327,momentum_exit
GOGO,2022-12-01,2023-04-01,15.77,14.5,634,-805.1799999999997,-8.053265694356371,momentum_exit
CLDX,2023-01-01,2023-04-01,44.57,35.98,224,-1924.1600000000008,-19.27305362351358,momentum_exit
VSEC,2023-03-01,2023-04-01,58.1,44.9,172,-2270.4000000000005,-22.719449225473333,momentum_exit
ARLP,2021-08-01,2023-05-01,7.94,21.0,1259,16442.539999999997,164.4836272040302,momentum_exit
LPLA,2021-10-01,2023-05-01,160.18,211.43,62,3177.5,31.995255337745032,momentum_exit
OPCH,2022-03-01,2023-05-01,25.34,32.64,394,2876.2000000000003,28.808208366219425,momentum_exit
PRDO,2022-11-01,2023-05-01,11.48,13.2,871,1498.119999999999,14.982578397212531,momentum_exit
BBSI,2022-11-01,2023-05-01,21.75,21.12,459,-289.16999999999956,-2.89655172413793,momentum_exit
AMKR,2023-02-01,2023-05-01,29.2,21.96,342,-2476.0799999999995,-24.794520547945197,momentum_exit
INOD,2023-03-01,2023-05-01,6.94,6.68,1440,-374.400000000001,-3.746397694524506,momentum_exit
FIZZ,2023-04-01,2023-05-01,49.47,47.94,202,-309.06000000000023,-3.0927835051546393,momentum_exit
CRUS,2023-04-01,2023-05-01,109.38,85.05,91,-2214.0299999999997,-22.243554580362034,momentum_exit
STLD,2021-08-01,2023-06-01,64.45,92.17,155,4296.599999999999,43.010085337470905,momentum_exit
SNEX,2022-06-01,2023-06-01,33.32,35.44,300,635.9999999999992,6.362545018007193,momentum_exit
UTHR,2022-06-01,2023-06-01,231.29,213.48,43,-765.8300000000002,-7.700289679622985,momentum_exit
REGN,2022-10-01,2023-06-01,688.87,731.17,14,592.1999999999994,6.140490948945376,momentum_exit
STKL,2022-10-01,2023-06-01,9.1,6.58,1098,-2766.9599999999996,-27.692307692307693,momentum_exit
VSA,2022-11-01,2023-06-01,5.49,3.15,1821,-4261.14,-42.622950819672134,momentum_exit
NEON,2023-02-01,2023-06-01,8.87,8.4,1127,-529.6899999999987,-5.298759864712499,momentum_exit
OLLI,2023-03-01,2023-06-01,55.75,53.35,179,-429.59999999999974,-4.304932735426004,momentum_exit
FOXF,2023-04-01,2023-06-01,121.37,89.13,82,-2643.6800000000007,-26.56340116997611,momentum_exit
MASI,2023-04-01,2023-06-01,184.54,165.32,54,-1037.8799999999999,-10.415086160182074,momentum_exit
BRKR,2023-04-01,2023-06-01,78.84,70.94,126,-995.4000000000008,-10.020294266869612,momentum_exit
LNTH,2021-11-01,2023-07-01,23.97,83.92,417,24999.15,250.10429703796416,momentum_exit
AGYS,2022-10-01,2023-07-01,55.35,68.64,180,2392.2,24.010840108401087,momentum_exit
IBKR,2023-03-01,2023-07-01,21.83,20.77,458,-485.4799999999994,-4.855703160787906,momentum_exit
NTRA,2023-04-01,2023-07-01,55.52,48.66,180,-1234.800000000001,-12.355907780979836,momentum_exit
OCUL,2023-05-01,2023-07-01,6.18,5.16,1618,-1650.3599999999992,-16.50485436893203,momentum_exit
CRMD,2023-05-01,2023-07-01,5.12,3.97,1953,-2245.95,-22.4609375,momentum_exit
IDN,2023-06-01,2023-07-01,2.49,2.47,4016,-80.32000000000008,-0.8032128514056214,momentum_exit
CDZI,2023-02-01,2023-08-01,4.21,4.06,2375,-356.25000000000085,-3.5629453681710332,momentum_exit
ALNT,2023-03-01,2023-08-01,43.21,39.0,231,-972.5100000000002,-9.743115019671379,momentum_exit
CPRT,2023-05-01,2023-08-01,39.2,44.42,255,1331.0999999999997,13.316326530612233,momentum_exit
OMER,2023-05-01,2023-08-01,5.66,4.17,1766,-2631.3400000000006,-26.325088339222614,momentum_exit
MANH,2023-06-01,2023-08-01,183.43,191.59,54,440.6399999999998,4.448563484708057,momentum_exit
NSSC,2022-01-01,2023-09-01,24.99,24.19,400,-319.99999999999886,-3.2012805122048738,momentum_exit
DGII,2022-06-01,2023-09-01,23.08,33.14,433,4355.980000000001,43.587521663778176,momentum_exit
CECO,2022-08-01,2023-09-01,7.9,13.97,1265,7678.55,76.8354430379747,momentum_exit
ATXS,2022-10-01,2023-09-01,9.04,8.91,1106,-143.7799999999989,-1.4380530973451267,momentum_exit
FIVE,2023-03-01,2023-09-01,199.4,169.3,50,-1504.9999999999998,-15.095285857572716,momentum_exit
CROX,2023-03-01,2023-09-01,124.45,99.86,80,-1967.2000000000003,-19.758939333065495,momentum_exit
WING,2023-04-01,2023-09-01,183.58,158.77,54,-1339.7400000000002,-13.51454406798126,momentum_exit
DXCM,2023-06-01,2023-09-01,119.58,101.9,83,-1467.4399999999994,-14.785081117243681,momentum_exit
SMMT,2023-07-01,2023-09-01,2.51,1.63,3984,-3505.9199999999996,-35.0597609561753,momentum_exit
MGNX,2023-07-01,2023-09-01,5.35,4.86,1869,-915.8099999999987,-9.158878504672884,momentum_exit
MGNI,2023-08-01,2023-09-01,14.84,8.58,673,-4212.98,-42.1832884097035,momentum_exit
BJRI,2023-08-01,2023-09-01,36.58,29.53,273,-1924.6499999999992,-19.27282668124658,momentum_exit
FSLR,2022-08-01,2023-10-01,99.49,161.59,100,6210.000000000001,62.418333500854374,momentum_exit
HROW,2022-10-01,2023-10-01,12.07,14.37,828,1904.3999999999992,19.055509527754744,momentum_exit
PRTA,2022-11-01,2023-10-01,63.45,48.25,157,-2386.4000000000005,-23.955870764381405,momentum_exit
PDFS,2023-03-01,2023-10-01,37.22,32.4,268,-1291.76,-12.950026867275655,momentum_exit
LRMR,2023-03-01,2023-10-01,5.82,3.95,1718,-3212.6600000000003,-32.13058419243986,momentum_exit
RDNT,2023-05-01,2023-10-01,28.25,28.19,353,-21.17999999999955,-0.212389380530964,momentum_exit
AMKR,2023-07-01,2023-10-01,29.34,22.19,340,-2430.9999999999995,-24.3694614860259,momentum_exit
CASH,2023-08-01,2023-10-01,52.77,46.09,189,-1262.52,-12.658707599014596,momentum_exit
WIX,2023-09-01,2023-10-01,97.46,91.8,102,-577.3199999999997,-5.807510773650726,momentum_exit
FRPT,2023-09-01,2023-10-01,75.74,65.88,132,-1301.52,-13.01822022709268,momentum_exit
ADMA,2022-06-01,2023-11-01,2.04,3.52,4901,7253.48,72.54901960784315,momentum_exit
EXTR,2022-08-01,2023-11-01,12.9,17.86,775,3843.999999999999,38.449612403100765,momentum_exit
PERI,2022-12-01,2023-11-01,27.68,27.01,361,-241.86999999999932,-2.420520231213863,momentum_exit
TOUR,2022-12-01,2023-11-01,1.07,0.83,9345,-2242.800000000001,-22.429906542056088,momentum_exit
ATEC,2023-01-01,2023-11-01,12.35,9.48,809,-2321.8299999999995,-23.238866396761125,momentum_exit
LSCC,2023-02-01,2023-11-01,80.74,54.61,123,-3213.9899999999993,-32.363140946247206,momentum_exit
ON,2023-02-01,2023-11-01,77.84,64.84,128,-1664.0,-16.700924974306265,momentum_exit
MYRG,2023-03-01,2023-11-01,121.69,113.36,82,-683.0599999999998,-6.84526255238721,momentum_exit
PACB,2023-04-01,2023-11-01,11.58,5.97,863,-4841.43,-48.44559585492229,momentum_exit
ONCY,2023-07-01,2023-11-01,2.6,1.62,3846,-3769.08,-37.69230769230769,momentum_exit
EXPI,2023-08-01,2023-11-01,25.33,13.22,394,-4771.339999999999,-47.808922226608765,momentum_exit
MTSI,2023-09-01,2023-11-01,83.12,70.61,120,-1501.2000000000007,-15.05052935514919,momentum_exit
BKR,2023-10-01,2023-11-01,35.32,34.84,283,-135.83999999999912,-1.3590033975084848,momentum_exit
Z,2023-10-01,2023-11-01,46.16,36.46,216,-2095.199999999999,-21.013864818024253,momentum_exit
FLEX,2022-11-01,2023-12-01,14.99,19.58,667,3061.529999999999,30.620413609072706,momentum_exit
AXON,2022-12-01,2023-12-01,185.55,231.51,53,2435.8799999999987,24.769603880355696,momentum_exit
LYTS,2022-12-01,2023-12-01,12.01,13.33,832,1098.2400000000002,10.990840965861782,momentum_exit
AAON,2023-02-01,2023-12-01,51.84,62.53,192,2052.4799999999996,20.621141975308642,momentum_exit
AVDL,2023-04-01,2023-12-01,9.16,12.53,1091,3676.669999999999,36.79039301310043,momentum_exit
PRDO,2023-10-01,2023-12-01,17.1,17.49,584,227.75999999999826,2.28070175438595,momentum_exit
IPAR,2023-03-01,2024-01-01,131.34,144.01,76,962.919999999999,9.646718440688273,momentum_exit
CDZI,2023-10-01,2024-01-01,3.31,2.8,3021,-1540.7100000000007,-15.407854984894264,momentum_exit
SMMT,2023-10-01,2024-01-01,1.87,2.61,5347,3956.779999999999,39.57219251336896,momentum_exit
MTRX,2023-10-01,2024-01-01,11.8,9.78,847,-1710.9400000000012,-17.118644067796616,momentum_exit
LOGI,2023-11-01,2024-01-01,79.03,95.06,126,2019.7800000000002,20.283436669619135,momentum_exit
MSFT,2023-11-01,2024-01-01,346.07,376.04,28,839.1600000000008,8.66009766810183,momentum_exit
KLAC,2023-11-01,2024-01-01,476.53,581.3,20,2095.3999999999996,21.986023964913002,momentum_exit
CRESY,2023-12-01,2024-01-01,8.75,9.48,1142,833.6600000000005,8.342857142857142,momentum_exit
VCEL,2023-12-01,2024-01-01,35.62,35.61,280,-2.799999999999443,-0.028074115665355226,momentum_exit
RIGL,2023-12-01,2024-01-01,10.9,14.5,917,3301.2,33.02752293577982,momentum_exit
ATRO,2023-05-01,2024-02-01,14.96,17.56,668,1736.7999999999986,17.37967914438501,momentum_exit
EHTH,2023-10-01,2024-02-01,7.4,7.25,1351,-202.6500000000005,-2.0270270270270285,momentum_exit
AUPH,2023-12-01,2024-02-01,9.06,7.73,1103,-1466.99,-14.679911699779247,momentum_exit
RPD,2023-12-01,2024-02-01,56.05,56.42,178,65.86000000000081,0.6601248884924305,momentum_exit
LITS,2024-01-01,2024-02-01,5.8,4.52,1724,-2206.7200000000003,-22.06896551724138,momentum_exit
TSLA,2024-01-01,2024-02-01,248.48,188.86,40,-2384.7999999999993,-23.9938828074694,momentum_exit
MPWR,2024-01-01,2024-02-01,630.78,614.13,15,-249.74999999999966,-2.639589080186433,momentum_exit
ZG,2024-01-01,2024-02-01,56.72,56.63,176,-15.83999999999935,-0.15867418899858654,momentum_exit
Z,2024-01-01,2024-02-01,57.86,58.36,172,86.0,0.8641548565502921,momentum_exit
RMBS,2022-10-01,2024-03-01,25.42,64.49,393,15354.509999999997,153.69787568843427,momentum_exit
NSIT,2023-03-01,2024-03-01,134.39,188.57,74,4009.3200000000006,40.315499665153666,momentum_exit
INOD,2023-06-01,2024-03-01,10.63,7.37,940,-3064.4000000000005,-30.667920978363128,momentum_exit
MELI,2023-06-01,2024-03-01,1258.02,1612.75,7,2483.11,28.19748493664649,momentum_exit
IDCC,2023-09-01,2024-03-01,85.94,107.3,116,2477.7599999999998,24.854549685827322,momentum_exit
CECO,2023-10-01,2024-03-01,15.97,23.21,626,4532.24,45.335003130870376,momentum_exit
ARCB,2023-11-01,2024-03-01,114.39,142.15,87,2415.1200000000003,24.26785558178164,momentum_exit
AVDL,2024-01-01,2024-03-01,14.12,13.72,708,-283.199999999999,-2.832861189801694,momentum_exit
VCEL,2024-02-01,2024-03-01,43.65,44.71,229,242.74000000000052,2.428407789232545,momentum_exit
DMRC,2023-06-01,2024-04-01,28.87,26.56,346,-799.2600000000008,-8.001385521302396,momentum_exit
CPRT,2023-11-01,2024-04-01,43.82,58.07,228,3249.0,32.519397535371986,momentum_exit
PANW,2023-11-01,2024-04-01,122.43,139.71,81,1399.68,14.11418769909336,momentum_exit
KALV,2023-11-01,2024-04-01,8.77,11.4,1140,2998.2000000000007,29.988597491448132,momentum_exit
ISRG,2024-02-01,2024-04-01,383.83,394.87,26,287.04000000000053,2.87627335018108,momentum_exit
MSFT,2024-02-01,2024-04-01,403.78,424.57,24,498.9600000000005,5.148843429590366,momentum_exit
ARDX,2022-11-01,2024-05-01,1.57,6.61,6369,32099.760000000002,321.0191082802548,momentum_exit
SAIA,2023-05-01,2024-05-01,290.82,396.0,34,3576.1200000000003,36.16670105219724,momentum_exit
APLD,2023-06-01,2024-05-01,9.21,3.0,1085,-6737.850000000001,-67.42671009771988,momentum_exit
FEIM,2023-11-01,2024-05-01,6.31,8.64,1584,3690.7200000000016,36.92551505546753,momentum_exit
MANH,2023-11-01,2024-05-01,198.14,207.77,50,481.5000000000012,4.860199858685799,momentum_exit
OCUL,2024-03-01,2024-05-01,10.75,5.02,930,-5328.900000000001,-53.30232558139536,momentum_exit
AVDL,2024-04-01,2024-05-01,16.66,18.31,600,989.9999999999991,9.903961584633848,momentum_exit
SVRA,2022-12-01,2024-06-01,1.56,4.09,6410,16217.3,162.17948717948718,momentum_exit
SHOP,2023-06-01,2024-06-01,57.94,59.15,172,208.12000000000015,2.0883672764929306,momentum_exit
AMD,2023-10-01,2024-06-01,102.82,166.9,97,6215.760000000001,62.322505349153865,momentum_exit
AMZN,2023-12-01,2024-06-01,147.03,176.44,68,1999.8799999999997,20.002720533224515,momentum_exit
CYTK,2024-01-01,2024-06-01,83.49,48.51,119,-4162.62,-41.89723320158103,momentum_exit
MGNX,2024-02-01,2024-06-01,15.27,4.09,654,-7311.72,-73.21545514079895,momentum_exit
IOVA,2024-03-01,2024-06-01,16.79,8.88,595,-4706.449999999999,-47.11137581893984,momentum_exit
VCEL,2024-04-01,2024-06-01,52.9,47.7,189,-982.7999999999992,-9.829867674858217,momentum_exit
AMTX,2024-04-01,2024-06-01,5.51,3.45,1814,-3736.8399999999992,-37.386569872958255,momentum_exit
CRNT,2024-04-01,2024-06-01,3.07,2.63,3257,-1433.08,-14.332247557003253,momentum_exit
AAOI,2023-07-01,2024-07-01,5.96,8.08,1677,3555.2400000000002,35.570469798657726,momentum_exit
PATK,2023-09-01,2024-07-01,56.45,73.47,177,3012.5399999999995,30.150575730735163,momentum_exit
EYPT,2023-12-01,2024-07-01,6.61,8.31,1512,2570.4,25.718608169440248,momentum_exit
FLEX,2024-06-01,2024-07-01,33.13,29.66,301,-1044.4700000000007,-10.4738907334742,momentum_exit
AMAT,2023-09-01,2024-08-01,153.99,196.3,64,2707.84,27.4758101175401,momentum_exit
LRCX,2023-09-01,2024-08-01,70.2,83.03,142,1821.8599999999997,18.276353276353262,momentum_exit
VECO,2024-02-01,2024-08-01,32.33,39.06,309,2079.570000000001,20.816579028765858,momentum_exit
ARDX,2024-06-01,2024-08-01,6.86,5.5,1457,-1981.5200000000004,-19.825072886297377,momentum_exit
TNDM,2024-06-01,2024-08-01,51.23,35.21,195,-3123.899999999999,-31.270739800897907,momentum_exit
QCOM,2024-06-01,2024-08-01,204.05,164.0,49,-1962.4500000000005,-19.627542269051713,momentum_exit
INSG,2024-07-01,2024-08-01,12.81,9.27,780,-2761.2000000000007,-27.634660421545675,momentum_exit
OLLI,2024-07-01,2024-08-01,98.38,97.65,101,-73.72999999999897,-0.7420207359219222,momentum_exit
STRL,2022-11-01,2024-09-01,29.93,119.53,334,29926.399999999998,299.36518543267624,momentum_exit
LFMD,2023-07-01,2024-09-01,4.35,5.21,2298,1976.2800000000007,19.77011494252874,momentum_exit
CAMT,2023-08-01,2024-09-01,47.05,91.02,212,9321.64,93.45377258235918,momentum_exit
GRPN,2023-10-01,2024-09-01,15.32,13.87,652,-945.4000000000007,-9.464751958224548,momentum_exit
MTRX,2024-03-01,2024-09-01,11.99,9.96,834,-1693.0199999999995,-16.930775646371977,momentum_exit
LINC,2024-04-01,2024-09-01,10.24,12.45,976,2156.959999999999,21.58203125,momentum_exit
MTSI,2024-05-01,2024-09-01,99.12,109.23,100,1011.0,10.199757869249403,momentum_exit
PRDO,2024-06-01,2024-09-01,22.5,22.44,444,-26.639999999999432,-0.2666666666666595,momentum_exit
BBSI,2024-08-01,2024-09-01,36.66,36.51,272,-40.79999999999961,-0.40916530278232166,momentum_exit
SMCI,2022-05-01,2024-10-01,4.21,40.55,2375,86307.49999999999,863.1828978622327,momentum_exit
LAKE,2024-09-01,2024-10-01,24.1,20.06,414,-1672.560000000001,-16.76348547717843,momentum_exit
CRUS,2024-09-01,2024-10-01,145.69,119.02,68,-1813.5600000000002,-18.305992175166452,momentum_exit
VRNS,2023-11-01,2024-11-01,33.57,51.23,297,5245.019999999999,52.60649389335714,momentum_exit
SMH,2023-11-01,2024-11-01,142.41,244.75,70,7163.8,71.86293097394847,momentum_exit
WING,2024-01-01,2024-11-01,256.58,296.94,38,1533.6800000000005,15.72998674877233,momentum_exit
CYBR,2024-02-01,2024-11-01,236.07,276.16,42,1683.7800000000013,16.982251027237695,momentum_exit
IBRX,2024-03-01,2024-11-01,4.71,5.28,2123,1210.1100000000006,12.101910828025474,momentum_exit
KLAC,2024-03-01,2024-11-01,717.57,669.38,13,-626.4700000000007,-6.715721114316375,momentum_exit
CECO,2024-05-01,2024-11-01,22.0,23.47,454,667.3799999999994,6.681818181818167,momentum_exit
NVAX,2024-06-01,2024-11-01,15.03,9.35,665,-3777.2,-37.79108449767132,momentum_exit
CYTK,2024-08-01,2024-11-01,57.91,51.82,172,-1047.4799999999993,-10.516318425142456,momentum_exit
MPWR,2024-09-01,2024-11-01,934.68,759.37,10,-1753.0999999999995,-18.75615183806222,momentum_exit
PATK,2024-10-01,2024-11-01,96.21,77.18,103,-1960.0899999999986,-19.77964868516785,momentum_exit
NVMI,2024-03-01,2024-12-01,183.66,183.76,54,5.399999999999693,0.054448437329845945,momentum_exit
FEIM,2024-08-01,2024-12-01,12.27,14.01,814,1416.3600000000001,14.180929095354532,momentum_exit
IOVA,2024-09-01,2024-12-01,11.66,9.32,857,-2005.3799999999999,-20.068610634648365,momentum_exit
NSSC,2024-09-01,2024-12-01,46.38,39.23,215,-1537.2500000000011,-15.416127641224675,momentum_exit
TNDM,2024-10-01,2024-12-01,41.07,30.63,243,-2536.9200000000005,-25.4200146092038,momentum_exit
ASTH,2024-10-01,2024-12-01,57.84,43.25,172,-2509.4800000000005,-25.224757952973718,momentum_exit
STKL,2024-10-01,2024-12-01,6.44,7.75,1552,2033.1199999999994,20.341614906832284,momentum_exit
BLBD,2023-06-01,2025-01-01,25.2,38.63,396,5318.280000000002,53.293650793650805,momentum_exit
SLNO,2023-06-01,2025-01-01,5.88,44.95,1700,66419.0,664.4557823129253,momentum_exit
NGNE,2023-12-01,2025-01-01,14.0,22.86,714,6326.04,63.28571428571428,momentum_exit
LRMR,2024-03-01,2025-01-01,11.35,3.87,881,-6589.879999999999,-65.90308370044053,momentum_exit
TREE,2024-05-01,2025-01-01,47.89,38.75,208,-1901.1200000000001,-19.085404050950096,momentum_exit
ATXS,2024-11-01,2025-01-01,11.32,8.94,883,-2101.540000000001,-21.02473498233216,momentum_exit
APLD,2024-12-01,2025-01-01,10.1,7.64,990,-2435.4,-24.356435643564357,momentum_exit
RIGL,2024-12-01,2025-01-01,27.61,16.82,362,-3905.9799999999996,-39.08004346251358,momentum_exit
VKTX,2023-01-01,2025-02-01,9.4,32.75,1063,24821.050000000003,248.40425531914892,momentum_exit
VNOM,2024-09-01,2025-02-01,47.6,46.9,210,-147.0000000000006,-1.4705882352941235,momentum_exit
AVXL,2025-01-01,2025-02-01,10.74,9.27,931,-1368.5700000000006,-13.687150837988838,momentum_exit
MAMA,2023-06-01,2025-03-01,2.55,6.12,3921,13997.970000000001,140.00000000000003,momentum_exit
META,2023-07-01,2025-03-01,286.98,668.2,34,12961.480000000001,132.83852533277582,momentum_exit
TQQQ,2023-10-01,2025-03-01,17.81,37.46,561,11023.650000000001,110.33127456485121,momentum_exit
FRPT,2024-03-01,2025-03-01,110.8,107.03,90,-339.2999999999996,-3.402527075812267,momentum_exit
TILE,2024-04-01,2025-03-01,16.6,20.23,602,2185.2599999999993,21.867469879518065,momentum_exit
OCUL,2024-08-01,2025-03-01,8.07,7.14,1239,-1152.2700000000007,-11.524163568773238,momentum_exit
COHR,2024-09-01,2025-03-01,77.95,75.19,128,-353.28000000000065,-3.5407312379730715,momentum_exit
AAON,2024-10-01,2025-03-01,106.6,76.8,93,-2771.3999999999996,-27.954971857410882,momentum_exit
STRL,2024-10-01,2025-03-01,142.94,127.21,69,-1085.3700000000003,-11.004617321953269,momentum_exit
TRUP,2024-11-01,2025-03-01,54.56,34.54,183,-3663.6600000000008,-36.693548387096776,momentum_exit
TARA,2024-11-01,2025-03-01,2.47,3.74,4048,5140.96,51.41700404858298,momentum_exit
CRNT,2024-12-01,2025-03-01,4.54,2.79,2202,-3853.5,-38.54625550660793,momentum_exit
QMCO,2024-12-01,2025-03-01,17.41,11.79,574,-3225.8800000000006,-32.280298678920175,momentum_exit
TSEM,2025-01-01,2025-03-01,51.51,42.5,194,-1747.9399999999996,-17.491749174917494,momentum_exit
MRVL,2025-01-01,2025-03-01,110.45,91.82,90,-1676.700000000001,-16.867360796740616,momentum_exit
NVDA,2023-05-01,2025-04-01,28.91,110.15,345,28027.800000000003,281.0100311310965,momentum_exit
AVGO,2023-07-01,2025-04-01,86.74,168.52,115,9404.700000000003,94.28176158635004,momentum_exit
RDNT,2023-12-01,2025-04-01,34.54,50.62,289,4647.12,46.55471916618412,momentum_exit
ARQ,2024-04-01,2025-04-01,6.53,4.13,1531,-3674.4000000000005,-36.75344563552834,momentum_exit
CENX,2024-05-01,2025-04-01,16.01,18.4,624,1491.359999999998,14.928169893816335,momentum_exit
WIX,2024-06-01,2025-04-01,161.1,164.0,62,179.80000000000035,1.8001241464928652,momentum_exit
MGNI,2024-12-01,2025-04-01,16.79,11.4,595,-3207.0499999999993,-32.10244192972007,momentum_exit
AAOI,2024-12-01,2025-04-01,41.22,15.09,242,-6323.46,-63.39155749636098,momentum_exit
CDZI,2025-01-01,2025-04-01,5.2,2.95,1923,-4326.75,-43.269230769230774,momentum_exit
OCC,2025-02-01,2025-04-01,4.93,2.81,2028,-4299.36,-43.002028397565915,momentum_exit
VICR,2025-03-01,2025-04-01,63.33,47.02,157,-2560.669999999999,-25.7539870519501,momentum_exit
TBCH,2025-03-01,2025-04-01,17.14,14.63,583,-1463.33,-14.6441073512252,momentum_exit
FTAI,2023-03-01,2025-05-01,25.07,86.9,398,24608.340000000004,246.62943757479061,momentum_exit
SKYW,2023-07-01,2025-05-01,40.72,90.18,245,12117.700000000003,121.4636542239686,momentum_exit
LWAY,2023-09-01,2025-05-01,10.99,23.71,909,11562.480000000001,115.74158325750683,momentum_exit
MMSI,2025-04-01,2025-05-01,105.45,93.2,94,-1151.5,-11.616880037932663,momentum_exit
CDNA,2024-07-01,2025-06-01,15.38,16.99,650,1046.4999999999984,10.468140442132622,momentum_exit
LGND,2024-08-01,2025-06-01,104.3,102.19,95,-200.44999999999993,-2.023010546500481,momentum_exit
INSG,2024-09-01,2025-06-01,14.59,7.48,685,-4870.349999999999,-48.73200822481151,momentum_exit
OMER,2024-11-01,2025-06-01,4.08,3.09,2450,-2425.5000000000005,-24.264705882352942,momentum_exit
NVAX,2025-02-01,2025-06-01,8.69,7.34,1150,-1552.4999999999995,-15.535097813578824,momentum_exit
LNTH,2025-02-01,2025-06-01,92.51,75.56,108,-1830.6000000000004,-18.32234353042914,momentum_exit
HIMX,2025-03-01,2025-06-01,10.08,8.15,992,-1914.5599999999997,-19.146825396825395,momentum_exit
RFIL,2025-04-01,2025-06-01,4.74,4.19,2109,-1159.9499999999996,-11.603375527426152,momentum_exit
MMYT,2024-02-01,2025-07-01,57.01,94.73,175,6601.000000000001,66.16383090685846,momentum_exit
DCOM,2025-03-01,2025-07-01,31.0,27.72,322,-1056.1600000000003,-10.580645161290326,momentum_exit
OLLI,2025-04-01,2025-07-01,114.55,130.48,87,1385.9099999999994,13.906591008293322,momentum_exit
AUPH,2025-04-01,2025-07-01,8.05,7.48,1242,-707.9400000000004,-7.0807453416149135,momentum_exit
OCUL,2025-05-01,2025-07-01,8.53,9.1,1172,668.0400000000003,6.682297772567414,momentum_exit
KRNT,2025-06-01,2025-07-01,21.8,19.61,458,-1003.0200000000006,-10.045871559633035,momentum_exit
NTRA,2024-02-01,2025-08-01,68.19,134.58,146,9692.940000000002,97.3603167619886,momentum_exit
HROW,2024-09-01,2025-08-01,40.46,31.23,247,-2279.81,-22.81265447355413,momentum_exit
TSLA,2025-02-01,2025-08-01,404.6,302.63,24,-2447.2800000000007,-25.202669303015323,momentum_exit
CASH,2025-03-01,2025-08-01,77.51,74.79,129,-350.8799999999999,-3.5092246161785523,momentum_exit
PRDO,2025-04-01,2025-08-01,26.12,29.7,382,1367.5599999999993,13.705972434915758,momentum_exit
TRUP,2025-05-01,2025-08-01,36.44,46.21,274,2676.980000000001,26.81119648737651,momentum_exit
III,2025-07-01,2025-08-01,4.8,4.2,2083,-1249.7999999999993,-12.49999999999999,momentum_exit
DGII,2025-07-01,2025-08-01,35.23,31.14,283,-1157.469999999999,-11.609423786545548,momentum_exit
SFM,2024-02-01,2025-09-01,51.6,140.54,193,17165.42,172.3643410852713,momentum_exit
ADMA,2024-04-01,2025-09-01,6.54,17.26,1529,16390.880000000005,163.91437308868504,momentum_exit
PPC,2024-04-01,2025-09-01,26.11,44.45,382,7005.880000000001,70.2412868632708,momentum_exit
RAIL,2024-09-01,2025-09-01,7.08,8.54,1412,2061.5199999999986,20.621468926553653,momentum_exit
AXGN,2024-09-01,2025-09-01,13.15,16.14,760,2272.4,22.73764258555133,momentum_exit
FTNT,2025-03-01,2025-09-01,108.01,78.77,92,-2690.080000000001,-27.071567447458577,momentum_exit
MELI,2025-05-01,2025-09-01,2294.52,2472.91,4,713.5599999999995,7.77461081184736,momentum_exit
LFMD,2025-06-01,2025-09-01,12.21,6.19,819,-4930.38,-49.303849303849304,momentum_exit
SMMT,2024-03-01,2025-10-01,4.65,20.49,2150,34055.99999999999,340.64516129032245,momentum_exit
NEON,2024-09-01,2025-10-01,7.25,3.43,1379,-5267.78,-52.689655172413794,momentum_exit
CRMD,2024-10-01,2025-10-01,8.1,11.05,1234,3640.300000000001,36.41975308641976,momentum_exit
POET,2024-11-01,2025-10-01,3.68,5.94,2717,6140.420000000001,61.41304347826087,momentum_exit
PODD,2025-03-01,2025-10-01,272.27,305.98,36,1213.5600000000013,12.381092298086482,momentum_exit
SLNO,2025-04-01,2025-10-01,68.26,60.12,146,-1188.4400000000012,-11.924992675065937,momentum_exit
ZG,2025-04-01,2025-10-01,68.07,71.18,146,454.060000000002,4.56882620831498,momentum_exit
Z,2025-04-01,2025-10-01,69.77,73.48,143,530.5300000000011,5.317471692704623,momentum_exit
SLM,2025-04-01,2025-10-01,29.62,27.4,337,-748.1400000000008,-7.494935854152606,momentum_exit
ATRC,2025-06-01,2025-10-01,34.57,34.23,289,-98.26000000000099,-0.9835117153601525,momentum_exit
LWAY,2025-07-01,2025-10-01,24.91,26.41,401,601.5,6.02167804094742,momentum_exit
LPLA,2025-08-01,2025-10-01,369.91,317.0,27,-1428.5700000000006,-14.303479224676273,momentum_exit
GOGO,2025-08-01,2025-10-01,15.14,8.36,660,-4474.800000000001,-44.78203434610304,momentum_exit
META,2025-08-01,2025-10-01,750.01,717.34,13,-424.70999999999947,-4.355941920774386,momentum_exit
MSTR,2023-07-01,2025-11-01,34.24,269.51,292,68698.84,687.1203271028037,momentum_exit
ALTS,2024-04-01,2025-11-01,2.58,2.52,3875,-232.5000000000002,-2.3255813953488413,momentum_exit
AVXL,2025-04-01,2025-11-01,8.02,7.97,1246,-62.29999999999978,-0.6234413965087282,momentum_exit
ISSC,2025-06-01,2025-11-01,11.19,9.4,893,-1598.4699999999993,-15.99642537980339,momentum_exit
MGNI,2025-07-01,2025-11-01,24.12,17.88,414,-2583.360000000001,-25.87064676616916,momentum_exit
IESC,2023-05-01,2025-10-31,43.81,391.88,228,79359.95999999999,794.4989728372517,backtest_end
NFLX,2023-05-01,2025-10-31,32.41,111.89,308,24479.84,245.23295279234807,backtest_end
AMSC,2023-08-01,2025-10-31,16.13,59.23,619,26678.899999999998,267.2039677619343,backtest_end
TATT,2023-12-01,2025-10-31,9.71,42.0,1029,33226.409999999996,332.54376930998967,backtest_end
WLDN,2024-04-01,2025-10-31,29.24,94.51,341,22257.070000000003,223.22161422708623,backtest_end
APEI,2024-04-01,2025-10-31,14.19,33.49,704,13587.200000000003,136.01127554615928,backtest_end
VSEC,2024-06-01,2025-10-31,81.86,180.68,122,12056.04,120.71829953579281,backtest_end
AXON,2024-08-01,2025-10-31,299.63,732.23,33,14275.800000000001,144.3780662817475,backtest_end
COMM,2024-11-01,2025-10-31,6.79,17.3,1472,15470.720000000003,154.78645066273936,backtest_end
INOD,2024-11-01,2025-10-31,21.13,74.61,473,25296.04,253.09985802177,backtest_end
TVTX,2024-11-01,2025-10-31,17.57,35.16,569,10008.709999999997,100.11383039271485,backtest_end
IBKR,2024-12-01,2025-10-31,47.77,70.36,209,4721.3099999999995,47.28909357337241,backtest_end
FEIM,2025-01-01,2025-10-31,18.52,36.72,539,9809.8,98.27213822894167,backtest_end
VNET,2025-01-01,2025-10-31,4.74,10.4,2109,11936.94,119.40928270042193,backtest_end
IDCC,2025-01-01,2025-10-31,193.72,361.96,51,8580.24,86.84699566384471,backtest_end
LINC,2025-02-01,2025-10-31,16.32,19.42,612,1897.200000000001,18.995098039215684,backtest_end
RIGL,2025-02-01,2025-10-31,21.65,31.58,461,4577.73,45.8660508083141,backtest_end
SSRM,2025-03-01,2025-10-31,9.99,22.56,1001,12582.569999999998,125.8258258258258,backtest_end
SNEX,2025-03-01,2025-10-31,80.45,91.92,124,1422.2799999999997,14.257302672467365,backtest_end
XNET,2025-03-01,2025-10-31,3.86,8.91,2590,13079.500000000002,130.82901554404148,backtest_end
APLD,2025-03-01,2025-10-31,8.0,34.66,1250,33324.99999999999,333.24999999999994,backtest_end
GRPN,2025-04-01,2025-10-31,18.53,20.13,539,862.3999999999988,8.634646519158107,backtest_end
STRL,2025-05-01,2025-10-31,159.96,377.9,62,13512.279999999999,136.24656164041008,backtest_end
AVGO,2025-05-01,2025-10-31,197.33,369.63,50,8615.0,87.31566411594788,backtest_end
IDN,2025-06-01,2025-10-31,5.09,4.59,1964,-982.0,-9.823182711198431,backtest_end
SSSS,2025-06-01,2025-10-31,6.3,10.19,1587,6173.429999999999,61.74603174603175,backtest_end
CYBR,2025-06-01,2025-10-31,382.78,520.78,26,3588.0,36.0520403364857,backtest_end
SHOP,2025-06-01,2025-10-31,107.22,173.86,93,6197.520000000001,62.152583473232625,backtest_end
CAR,2025-07-01,2025-10-31,171.89,136.07,58,-2077.5599999999995,-20.838908604339977,backtest_end
RFIL,2025-07-01,2025-10-31,6.73,7.82,1485,1618.6499999999999,16.19613670133728,backtest_end
ATRO,2025-07-01,2025-10-31,32.43,49.18,308,5159.0,51.64970706136294,backtest_end
AAOI,2025-07-01,2025-10-31,25.35,35.56,394,4022.7400000000002,40.276134122287964,backtest_end
FLEX,2025-07-01,2025-10-31,48.49,62.52,206,2890.1800000000003,28.93380078366674,backtest_end
CECO,2025-08-01,2025-10-31,45.13,48.89,221,830.9599999999996,8.331486815865263,backtest_end
FIVE,2025-08-01,2025-10-31,133.16,157.27,75,1808.250000000001,18.10603784920397,backtest_end
OCC,2025-08-01,2025-10-31,4.74,7.87,2109,6601.17,66.03375527426161,backtest_end
AUPH,2025-08-01,2025-10-31,10.49,13.17,953,2554.0399999999995,25.548141086749276,backtest_end
ALNT,2025-09-01,2025-10-31,45.38,54.68,220,2045.9999999999993,20.493609519612164,backtest_end
MYRG,2025-09-01,2025-10-31,187.27,217.7,53,1612.7899999999988,16.249265766006292,backtest_end
ATEC,2025-09-01,2025-10-31,15.9,18.99,628,1940.5199999999988,19.433962264150928,backtest_end
STX,2025-09-01,2025-10-31,167.4,255.88,59,5220.32,52.85543608124252,backtest_end
RMBS,2025-09-01,2025-10-31,73.77,102.84,135,3924.450000000001,39.40626270841807,backtest_end
PGEN,2025-09-01,2025-10-31,4.51,4.14,2217,-820.2900000000002,-8.203991130820398,backtest_end
QMCO,2025-09-01,2025-10-31,7.43,9.44,1345,2703.45,27.052489905787347,backtest_end
ARWR,2025-10-01,2025-10-31,35.01,42.39,285,2103.3000000000006,21.07969151670952,backtest_end
TSLA,2025-10-01,2025-10-31,459.46,456.56,21,-60.89999999999952,-0.6311757280285546,backtest_end
TSEM,2025-10-01,2025-10-31,74.79,85.17,133,1380.5399999999995,13.878860810268744,backtest_end
CENX,2025-10-01,2025-10-31,29.4,29.62,340,74.80000000000082,0.7482993197279075,backtest_end
VSA,2025-10-01,2025-10-31,3.19,2.16,3134,-3228.0199999999995,-32.28840125391849,backtest_end
LGND,2025-10-01,2025-10-31,179.08,191.31,55,672.6499999999994,6.829350011168178,backtest_end
III,2025-10-01,2025-10-31,5.78,5.51,1730,-467.1000000000008,-4.6712802768166135,backtest_end
GSAT,2025-10-01,2025-10-31,39.16,54.41,255,3888.75,38.94279877425946,backtest_end
LRCX,2025-10-01,2025-10-31,142.79,157.46,70,1026.900000000001,10.273828699488764,backtest_end
TARA,2025-10-01,2025-10-31,4.41,5.18,2267,1745.589999999999,17.46031746031744,backtest_end
CDZI,2025-11-01,2025-10-31,5.3,5.3,1886,0.0,0.0,backtest_end
NVMI,2025-11-01,2025-10-31,344.64,344.64,29,0.0,0.0,backtest_end
AMD,2025-11-01,2025-10-31,256.12,256.12,39,0.0,0.0,backtest_end
OMER,2025-11-01,2025-10-31,7.33,7.33,1364,0.0,0.0,backtest_end
VICR,2025-11-01,2025-10-31,90.73,90.73,110,0.0,0.0,backtest_end
KLAC,2025-11-01,2025-10-31,1208.74,1208.74,8,0.0,0.0,backtest_end
